,Cw*0102,Cw*0202,Cw*0210,Cw*0302,Cw*0303,Cw*0304,Cw*0401,Cw*0404,Cw*0501,Cw*0602,Cw*0701,Cw*0702,Cw*0704,Cw*0801,Cw*0802,Cw*0803,Cw*1202,Cw*1203,Cw*1402,Cw*1502,Cw*1505,Cw*1601,Cw*1700,Cw*1800
A*0101, 0.35886834812813556,-0.38603215888121684,  -0.131383481290992,-0.13253177069605843,-0.24788023142847762, 0.13867856398991707,-0.29880097052493038,-0.31734002158237795,-0.25604797323841688, 0.95172036816600702,  1.0452758254175418,-0.32034644225882553,-0.19601522194871671,-0.37551340447876264,-0.23659144506410121, -0.1605048702340548,-0.18612011578954429,-0.075493239846373905, 0.66483678454687389, 0.26914148420074346, 0.66998323271279914,-0.14785297653656149,-0.49888141367049998,-0.13116886969210709
A*0201,-0.29702982137560568,-0.56087186603400541,-0.37924548407206488,-0.36708599260369562,  1.0911975362806907,   1.144603966529915,-0.50128812148590041, 0.47745877660945735,  1.0228772896538068, 0.19243656178177213, 0.66347940991311372, 0.53807625145687488, 0.64109619510996507, 0.28322630116283054,-0.46497011035349473,-0.33601739380369683,0.088884696662634946,-0.80450662679609874, -0.6919507820164178,-0.23349745054322138,-0.32304595209527132,-0.086261005908962005,-0.72547372609233696,-0.37209265198029007
A*0202,-0.40546730997948893,  1.3646052151461729,-0.031355629314660086,-0.031491894363399657,-0.15517737295821257, 0.65764092839242572, -0.2363522049329056,-0.044772521712412763,-0.26117556526239277,-0.019811373517836271,-0.11983797123404895,-0.077286510970194303,-0.094778585992613296,-0.034892419744374015,-0.034782098329868054,-0.022138901125557359,-0.025815091875163784,-0.04279313498399813,-0.095310109644419105,-0.046812383021662289,-0.018627011902405986,-0.14270378132951045,-0.050734689193925715,-0.030129582149548643
A*0205, -0.3020361115557374,-0.13264393842135694, 0.82952424985568596,-0.037996690531852423,-0.13811084581050187,-0.14183561905489156,-0.23137910639716555,-0.058492946318154992,0.075773853445205139,-0.0022110642017736139, 0.61575601396596058,-0.11898966753341685,-0.078144445683067831,-0.071563833789006548,-0.064915892705743564,-0.038547937489519402,-0.046964660943913591,-0.099935331131449812,-0.093572122636487676,-0.093515226766877318,-0.03148812770252564,-0.09633825786475908, 0.39486530596420649,-0.037237596692856631
A*0206, 0.71733741467762013, 0.67634428070402131,-0.11984991010399827,-0.12078223799033776,-0.37734483158635751, 0.30935835615132268,-0.34062908529436381,-0.23017660819277444, 0.63971833840248449,-0.44631492573098563, 0.11422275616269244, 0.29699638250262728,-0.21833002318765071, 0.22724663715209387,-0.19836380490537042, 0.62162777037589467,-0.15100414339330956,-0.44829872858860031,-0.33517538574960315, 0.19955293538739713,-0.10578392950015902,-0.28700950773400319,-0.30533121553865766,-0.11801053401998311
A*0301,-0.39388331216212563, 0.53778362878451114,-0.12258501779397819,-0.12342618938787799,-0.32436319005724606,-0.40649489436407438, 0.81124213476090345,-0.28339213052040174,-0.01923681688345549,-0.57944557128301921,-0.39343440705237975, 0.30168897496730079, 0.41482866187857931,-0.17638913314729504, 0.25275884955275812,-0.13477893881601866, 0.40835471762392112, 0.39348844143552908,-0.27435754067088108, -0.2551425205147137,-0.13615774149984183, 0.14666558469879051, 0.43617635865698284,-0.079899948205968949
A*0302,-0.028465112601592162,-0.029391091837947123,-0.0076136325450550527,-0.0076766589808438517,-0.020795712171476931,-0.025836922160043574,-0.053810987421320081,-0.013811713278257382,-0.020179491055225037,-0.051165372122116776,-0.051676202410003119,-0.043433819465872603,-0.01268790756929996,-0.020072763769752467,-0.017763671929011151,-0.0098115413885148106,-0.012289860296354756, 0.53199819863125863,-0.016754098193412708,-0.025752329298503861,-0.007734864252179589,-0.018755874323528411,-0.028952051802111443,-0.0075665197588357935
A*1101, 0.25063298236720094, -0.3049962867148121,-0.080615960929469918,-0.081286389207766471,-0.24409070826136459,-0.22168623231579859, 0.56333329756292283,-0.16788487864032686,-0.49231577006092564,-0.22822523707718534, -0.3627083704441037,-0.34103514549056552,  -0.155483472407353, 0.48120672012998716,-0.17202049972270017,-0.14147355750670171, 0.93037579359378109, 0.82836258623799608,-0.17895327418905654,-0.11436209939018192,-0.081619147796200942,-0.33161178150085441, 0.72659600652992995,-0.080138574766450879
A*1102,-0.023398460080613425,-0.027763017783402403,-0.0070466317240948104,-0.0071050084938773161,-0.018936567348146735,-0.021186069845429967,-0.042575347304205077,-0.012510835581764759, 0.01505714694165739,-0.041603287806645545,-0.29436514950527193,-0.038529858031080992,-0.011509739990794212,-0.017298510988484214,-0.016022471780437076,-0.0089923764988793196,-0.010796413263589365,-0.031993802222969658,-0.015005146598519477,-0.024122192792198221,-0.0071567948446801177,-0.016908937627797469, 0.68677411562888369,-0.0070046424576589274
A*2301,-0.53122897302388949, -0.2083133245506282,-0.066620588900673738,-0.067071054135569921,-0.25781559556943745,-0.24229158434283476,  1.1808351504231889,-0.10942613689416665,-0.64534372430428522, 0.39563842045092656,-0.26781748544845807,-0.09248565811536992,-0.20145160973166848,-0.10399400759287186,-0.098627770594754888,-0.061809090217354083,-0.073157699586855446,-0.14622581454279956,  1.8061082257179113,-0.13520192206275811,-0.052774941941865806,-0.39317145438352724, 0.43712147702981735,-0.064874837682074929
A*2402,  1.4328584263927582,-0.21724965207864622,-0.22996909977635707,-0.29415474199055075, 0.16187028226966221,  1.3570592863941702, 0.17798551957945222,0.0047408583419335255,0.018505435679754014, 0.62090775557669842, 0.15569063474759048,-0.11985376229294806,-0.41305973408969981, 0.27940633137511228,-0.11818816877646188,-0.33891649976213373,-0.41325606587659242,-0.40432982803299422,-0.71638092524429386,-0.14831184834887393,-0.26822417834995704, 0.39534377233611667,-0.63362591139379421,-0.28884788667994493
A*2403,-0.053067256731015013, 0.18086673182552029,-0.0092555775325733197,-0.0093433011036239428,-0.031575159381435736,0.028916783536133729, 0.44387434182348945,-0.01505269362854187,-0.20664083293716662,-0.041699180926614982, 0.13416443921810614,-0.045360052969968409,-0.033844931882896181,-0.021329926909130065,-0.019251812458009943,-0.01147398193931733,-0.013865214989703084,-0.029559354931617852,-0.01851586000485116,-0.041524357031682842,-0.0093745446897122373,-0.10714330683993155,-0.060731892011214393,-0.0092130575042432654
A*2407,-0.010982153672617971,-0.040041562227602301,-0.0047005969940995531,-0.004767405303520259,0.042815215901491795, 0.30790358953161862,-0.023045275376848147,-0.0078215180072383379,-0.010494283787507169,-0.021359919631987991,-0.023649069135952428,-0.021517219678543146,-0.0073388306228350754,-0.016546027882458288,-0.0096187772397520691,-0.0057597098026392346,-0.0071679661615954458,-0.024797697693809052,-0.0098532892902120275,-0.060689169961910323,-0.004744007551987308,-0.014941880737492539,-0.016202668171257699,-0.0046797765012440576
A*2501,-0.13022931164456042,-0.10185296169918184,-0.04214875393129227,-0.042537413902024132,-0.11575914690957974,-0.15349826815953266, 0.36356746727963191,-0.07695127803592916,-0.56290823824047442,  0.3668571788252295,-0.25574814390958367,-0.19816506860090627,-0.093226119090847395,-0.10075494257332475,-0.090355704756593908,-0.053137911962514391,-0.064819388244284432,  1.5334064639735758,-0.084876901155623741,-0.13500362039812136,-0.042744391069977947, -0.2050375378630144, 0.32781030195370542,-0.041886309884775708
A*2601,-0.23952924109581977, 0.62492876423027355,-0.051408179226886008,-0.051768675552584784,  0.6709926141730016,-0.17088569983435234,-0.33961250791469888,-0.091612471132097195,-0.35091728804817113,-0.20461192364801484, -0.6342682547724422,  0.4266244240805081,-0.10777311703562856, -0.1188645586418817,-0.33432694239359489,-0.064256808394517639,-0.078854993484177516,  1.1581175364366003,-0.10224874873684733, 0.55565495525043007,-0.052013137967206351,-0.22561613430053912,-0.16662701890106699,-0.05112259309028639
A*2608,-0.010647575239406362,-0.032091565749186673,-0.0043194421645401807,-0.0043604470413845572,-0.015996607077934034,-0.0097153118045121001,-0.086780180859371836,-0.012679154181722338, 0.45263920616000464,-0.016961423222528048,-0.028181158465883892,-0.015820583937160914,-0.028146650190954442,-0.0090761802288914107,-0.0086641511162022251,-0.0053812022201185682,-0.0063363742979098553,-0.012275474845712005,-0.0076566165940767572,-0.011679285051144111,-0.0043674547920550056, -0.1044334471357912,-0.012765949551973155,-0.0043029703915448882
A*2902, 0.27412849362007569,-0.072567362719784034,-0.04652130677115357,-0.046937057103038943,-0.088153303476766143,-0.36221673791659037,-0.0011251907977682404,-0.073271493934317228,-0.13277850966676866, 0.19664506946115762,-0.23802889718859085,0.010735335771326781,-0.14820997816079648,-0.14215574119624408,-0.091848180133369747,-0.056856956047866732,-0.068176319756557247,-0.14654238312340406,-0.18986519764343512,-0.015327589095015151,-0.050506693824284007,  1.6745384423850043,-0.13878744148641345,-0.046171001195400026
A*3001,-0.46857095230216761,-0.16730181474321112,-0.074378632753885968,-0.074898797458293837,-0.21850695749501653,-0.27133041775427291,-0.52322668085360335, -0.1055315535919224,-0.14621328215239401,   0.402570284812236, 0.49319787941375842,-0.30092166924234232,-0.12727984658203279,-0.19844484667961867, 0.39220710631765554,-0.083401297595958823,-0.10130276081160305,-0.20694886246957675, 0.39945128833382654,0.092395200004981817,-0.067740199034890175,-0.15728511270313927, 0.73098085930863888, 0.78248106603283241
A*3002,-0.36762029758793507,-0.32663213420202197,-0.062995937759950077,-0.06340928949209837, 0.45652065899932665,-0.21637870366206119,-0.32864083330337601, -0.1592023329542924,  1.1894294629498661, 0.41197468755750466, 0.22144007916975822, 0.26159526566191188,-0.10972323007187554,-0.14791070366380182,-0.13717598290772451,-0.071605818111303607,-0.18484808827830321, -0.4060346567327065, 0.44155932963283145,-0.37161331581373469,-0.058148097572930227,-0.15542365076612108, 0.24697094437327896,-0.062127355464241751
A*3007, -0.2400340766440032, 0.80363216022377859,-0.014100261418969065,-0.014158017058584126,-0.077526602285123536,-0.076716277888014189,-0.072343041144374426,-0.017036695602758223,-0.012108894652895913,-0.040946878467762814,0.020158092945668855,-0.034164238298515233,-0.034892326111719961,-0.013818353653828223,-0.01387393063159841,-0.0087479626016816209,-0.010247003910360875,-0.021530277785063365,-0.047376011365582595,-0.01900967404894803,-0.0074077466823615681,-0.013754793475926414,-0.020532365295361829,-0.013464824146013778
A*3101,  1.3763615789556041,-0.28321746050965163,-0.13757638012685358,-0.13864101580682955, 0.63994326087354392,-0.85136504255974821, 0.33240801063224473, -0.2600694481542325,-0.12710599835698905,-0.42408964763040424,-0.51100262495837467,-0.084744666658528423,-0.23557435588949799, 0.29301622558574619, 0.52809702992079333, 0.49781461020440343,  -0.176857836494659, -0.4248582802608738,-0.52268116693694022,  0.9449702730957118,-0.12860423838870572,  0.1713035535589007,-0.34166135698327083,-0.13586502311138818
A*3201,-0.060394827760699162,-0.55436134045590679,-0.039680761626159133,-0.039939140567237186,-0.10645595321544359,-0.10224872591125804,  0.2643721820778655, 0.57871115911073656, 0.39258970635011831,-0.12116792457183349,-0.18888177154930766,-0.025748736518903931,-0.14019014687392309,-0.071728253564246489,-0.095018138677028741,-0.040242074894827999,-0.047410418890878478,-0.095407674153889843,-0.10848707304879966,-0.081616314145020144,-0.034863990904841782, 0.85161743234620257,-0.09454428171536329,-0.038902930839355088
A*3301,-0.021936725876541951,-0.026409924302335148,-0.0068420259336182745,-0.006840851111678722,-0.018327249544760452,-0.022137394257424697, -0.0428933001285947,-0.012115122336620845,-0.017456370345632188,-0.052580940018283159,-0.021377611904420123,-0.036256649369122422,-0.011023296808827524,-0.017242661186517867, 0.47001189349737366,-0.0086929484744584923,-0.010887431880210484,-0.023425078866565467,-0.014862952801468911,-0.043798727560343351,-0.0069478701579511843,-0.016228815648536357,-0.024915596111246066,-0.0068123488722152056
A*3303,-0.057686686332239334, 0.69764092676484157,-0.019101828845933054,-0.019196938365299763,-0.082807037996365296,-0.42818156779169431,  0.7718460552717864, -0.0499125338288504,-0.044629092203592485,-0.021864869161123877, -0.1175214934353096,-0.092020229453127031,-0.03060615246595863,-0.054012873924239722,-0.070108058218954661,-0.024098594682112257,-0.029676437609552461,-0.076207991740661229,-0.039862642765870315,-0.12269129208728215,-0.019400334440519435,-0.049990571251254105,-0.00099643372147606001,-0.018913321715211699
A*3402,-0.018941490687053437,-0.028866861638760254,-0.0057488761109285051,-0.0058597666736581403,-0.017911965600492925,-0.017091094061070726,-0.067262698670945767,-0.0099556749550571942, -0.0963102883510214,-0.12020960709244326, 0.60885293930653295,-0.029299432512849576,-0.01712545175876894,-0.014157395824357842,-0.012709168723769497,-0.0073488829661832377,-0.0091068930472653804,-0.020013979505147567,-0.011340140794648301,-0.018618883976072999,-0.0058787094186602881,-0.049762226044806852,-0.019581327929243091,-0.0057521229633278352
A*3601,-0.022575199914103245,-0.025331875930020394,-0.0065487584019688514,-0.0065389797466244622,-0.018145521668194553,-0.020753488891113527, 0.45972555894107359,-0.011731562295048941,-0.016099714534203727,-0.073137596424358561,-0.014818648357449449,-0.052061282161309848,-0.010820317519293131,-0.016692379349408155,-0.033259726570250385,-0.0084092521988436992,-0.010404451791344631,-0.023509302103249294,-0.013994782396547362,-0.022923969445854314,-0.006726283772472046,-0.015672373562019771,-0.023104213746141505,-0.0064658781612537174
A*6602,-0.015482317105990309,-0.038478829263690784,-0.0056836064641156243,-0.0057557455312224485,-0.020292203523845059,-0.013738883892618205,-0.12114918897884681,-0.00909637350208428,-0.22637582673600387,-0.055377925576396751, 0.79180426991287522,-0.023281083530257873,-0.03166811883894767,-0.012562784634177539,-0.011727181754263764,-0.0071181345900230564,-0.0085348919097583548,-0.017162831368724152,-0.010359261439516512,-0.016251543450438482,-0.0057689019889003044,-0.11279402024861476,-0.017474257168176389,-0.0056703584162619827
A*6801,0.0040475137855780045,-0.67661457275937531,-0.10988551936733087,-0.11084276091464559,-0.21890303284252141, 0.23614283692398755, -1.1987670841016389, 0.75042871018724933,-0.095327884257355777, 0.29924080045774393,-0.015619882233166965, 0.68367270707896344,  1.0021116359088675, 0.26395913523808923, 0.23498925204386181,-0.13354687309023666,-0.15725091527488733,-0.36859150749624403, 0.19291662081214955, 0.43215889065974289, -0.1103522012484526, -0.4995794631370194,-0.29527628435351716,-0.10911012201984106
A*6802,-0.28771317546730368,-0.092967754382421025,-0.027914823806908934,  0.9094518437835285,-0.11593944209966094,-0.10025690693612092, 0.34320914123610424,-0.045111145051817937,-0.043656679773052466,-0.13025098373827629,-0.12029892487737365,-0.10036768936201515,-0.057750975976379751,-0.046257612759726105, 0.35492965495866574,-0.025465761644300509,-0.030839947636585586,-0.065849787681679539,-0.077019531644236902,-0.082436844941978976,-0.020811275771897963,-0.044321670656992017,-0.065259941330025911,-0.02709976443954416
A*6901,-0.046734994563706195,-0.043654565394047974, -0.0101976554901418,-0.010281023255938932,-0.031440887623804072,-0.036289160649158492,-0.075908541997442541,-0.018416855027133673,-0.026539974963604693,-0.071052199927809936,-0.07500562983206284, 0.65060486535642892,0.057033637390803561,-0.026703484340739367,-0.023423283777004346,-0.012888442588180749,-0.016205282655399295,-0.038604432317728185,-0.023372299327815812,-0.036685486009768647,-0.010138921900292058,-0.024829162271941107,-0.039150458832623851,-0.010115760000887989
B*07, -0.2841395357373056,-0.27911031883970633,-0.057871450314157795,-0.061826719293973618,-0.31588450688878861,-0.39260096210904677,-0.50673824351844721,-0.15289920203614768,-0.28979221869536365,-0.48739280013299069,0.074160625781964098,  3.7005958223782116,-0.17332532312456808,-0.20156065260467115,-0.15329551246172565,-0.078854743239718555,-0.13420367008691053, -0.1546292819112553,-0.13397516614785665,-0.22074061962788089, 0.81184791130253309,-0.21187344655626478,-0.23394496362807737,-0.061945022507849466
B*08,-0.23613163214060715,-0.16573782780198423,-0.041246526386652951,-0.041419836721003918,-0.17865210053530578,-0.22051416687181921,-0.24841404383687557,-0.081996056603463915, -0.1403167884601903,-0.50217039324461454,  2.7016200965183148, 0.40071056818091738,-0.081098636941808827,-0.11321091191671444,-0.087395169518752827, -0.0525260563447425,-0.068130115581027384,-0.19215768460958918,-0.14175690696605187,-0.17193584794274169,-0.070831203650057767,-0.10810739733823627,-0.11772115161018581,-0.040860209676805023
B*13,-0.14111377285381776,-0.11600754732244999,-0.031209469824071683,-0.031433101623142744,-0.13506467975418826,-0.18209368045852531,-0.18202120513522618,-0.069276428143419042,-0.12491055286564577,  2.6831083868922874,-0.40621262074044279,-0.22280685338007883,-0.068367328060385146,-0.096705746318310276,-0.088709589157569199,-0.039893630425513048,-0.060253366457607753,-0.11545208093292712,-0.096477718604608936,-0.13454516219650001,-0.039398718599211506,-0.079077048903790442,-0.17229566960234394,-0.049782415532511844
B*14,-0.27093741578018088,-0.20998651646165173,-0.045192872126287344,-0.05431058668113236, -0.1759669317944392,-0.14660620480934763,-0.34944994834612825,-0.092505600631401799,-0.12028783100530784,-0.28355382659416439,-0.26327519544518213, -0.3336085709352189,-0.098632318260030091,-0.13667904309722581,  2.9162909235271526,-0.06820054823634672,-0.078018314169747596,-0.21602653644280018,-0.091885689654307115,  0.4975986220474406,-0.046139561646455628,-0.11988407831309864,-0.16760675869074351,-0.045135196453395567
B*15,  2.1842422052428612,0.090076770898033606, 0.48840633176763626, 0.48306534390495454,  1.1548150641654833,  0.9728833711884155,0.017604165830484908,0.031320006146696701,-0.79816484632313067, -1.1454467590940587, -0.5690635058435507,-0.66093227548474753, 0.89865789614878588,-0.64728251039604423,-0.48433673193297905,-0.31595687382733934,-0.40228346221313621,-0.57448527965727991, 0.92344218818138879,-0.65472395730718691,-0.22941817917100243,-0.56750724975617706,-0.64039954404907429, 0.44548783158096406
B*18,-0.23109700150115392,-0.22429754091745724,-0.056774205990988633,-0.057226236388414162,-0.20540927061661751,-0.21298685993420938,-0.40590931405006325,-0.10351625919094237,  2.2133333729761011,-0.43757618975059348,-0.39461999455048474,-0.35737660752044031,-0.098318071023535708,-0.16466676295508662,-0.12358789560262809,-0.081207969156289708,-0.10592956256692787,   1.869368797801241,-0.13396912382502599,-0.19035225374546647,-0.058089297217007507,-0.12453663174733069,-0.25878394587741588,-0.056471176649262107
B*27,  1.0632049748037202,  3.5561638891897784,-0.10815057527551206, -0.1076448632660356,-0.39289851866985293, 0.36132390210663695,-0.37507563953065765,-0.23061059416177745,-0.40639577834031798,  -0.676916252091189,-0.20958977556184047,-0.19483753724309494,-0.21897647320752736,-0.34287605667416848,-0.24519960735043819,-0.16922578314513981,-0.18161763550319179,-0.37861104581831945,-0.12656336050753911, 0.21698726038255614,-0.11072547854109681,-0.29648180001104824,-0.31858585645665521,-0.10669739512729155
B*35,-0.52641837210761955,-0.26702378221223128,-0.089653673757571439,-0.089718194074356841,-0.42563635047381415,-0.06102660066758004,  3.8751737163981121,  2.5016257204569756,-0.39252474730364101,-0.68379674062658025,-0.73585269274675968,-0.62252713491297396,-0.22933250564314947,-0.30714646587101613,-0.19735431121528541,-0.067532849754436616, -0.1668021051603312, -0.2693200994059568,-0.18408605822879145,-0.34037367668078605,-0.099676938958584649,-0.26027813965635671,-0.27211473750886217,-0.088603259888405575
B*37,-0.078787305900999527,-0.062793991974739838,-0.018007052486749595,-0.018225379063896728,-0.10922812741931733,-0.14487813093630827,-0.11461081746678947,-0.045354027961995343,-0.094832951403691843,  1.7681219762459452,-0.34526075372802401,-0.16342758293150325,-0.048070166174686381,-0.058213615136468208,-0.038880356832144497,-0.023272842964384997,-0.034739931724272963,-0.064707796676954005,-0.06568509421688494,-0.087269004553069976,-0.032376824874731869,-0.050196465644537162,-0.051356661339280012,-0.017947094834515172
B*38,-0.094587083539931976,-0.19013232774765498,-0.028523640868741464,-0.028753398624224893,-0.13723052949857603,-0.08169379755939965,-0.17905096532875012,-0.05037513850812262,-0.063370331867269453,-0.17798291715281103,-0.14775505215548626,-0.24077726387389714,-0.046803042413891147,-0.072330022926672385,-0.056208495136568101,-0.036476382780769326,-0.046148952873025298,  2.1189488390817308,-0.061113359642369573,-0.15483285568750588,-0.029041919998975131,-0.063444439062598626,-0.10393330439270027,-0.028383617441789404
B*39,-0.35748709882539714,-0.28979067931159241,-0.073020593644941095,-0.072739912302546131,-0.34957479792913176,-0.50066052032365049, -0.4414906387150393,-0.19170643035141574,-0.32700231384305672,-0.60137774122257348,  0.8256974299726717,   3.120995578917515, -0.1415305494687468,-0.25839733361231582,-0.17630556802976133,-0.10921508325790422,-0.13053534688140153,  1.1028449156896794,-0.15104721792565884,-0.30677585478667174,-0.08362255475333355,-0.20494747013174802,-0.21041851129148856,-0.071891707971491067
B*40,-0.78840320854956414, 0.64229970227372857,-0.13959397404301591,-0.13251343033054908, 0.97846390829784524,  3.3054086252079924,-0.81350131180865259,-0.27531003589297398,-0.39858913971871129,-0.81984146608099973,-0.76726967734240514,-0.68815990164893903,-0.24574341690469978, 0.18076666687259615,-0.34327172562852182,-0.21463311118153724, -0.2357345237384102, 0.20307981375668005,-0.24720759769377196,  1.3053701161793434,-0.14889097677258292, 0.14913382300991607, -0.3684931353758466,-0.13736602288691979
B*41,-0.13130310555476815, -0.1633374821290014,-0.045734270974274148,-0.037731364419086935,-0.11586915487283954,-0.11572109499552269,-0.34841581865052806,-0.063463150338795335,-0.13816107260069196,-0.31803462194749893, 0.30880535055444991,-0.25845189667086022,-0.075270571903832073,-0.059751030203609029,-0.094091130444553972,-0.048142184689088659,-0.071372970716177916,-0.22396635813952692,-0.099300923286293155,-0.12997005167078643,-0.044837762169392351,-0.095752533655981131,  2.4075752896487495,-0.037702090170090859
B*42,-0.056382530264131994,-0.085219611290563532,-0.021627534332244441,-0.021798449511892855,-0.055076162618778256,-0.062528975284093902,-0.23316293037701066,-0.038323121114525405,-0.047451141326272803,-0.22933489376890109,-0.22134390467105741,  -0.121840561923569,-0.03369708126577263,-0.053201654929412562,-0.069198541771192335,-0.027857026188848735,-0.03454158119056263,-0.075351292208325329,-0.14120945178849309,-0.086954459249698829,-0.022175161591897655,-0.046568215637443372,  1.8249689699799239,-0.040124687675235068
B*44,-0.67141922327683279, 0.36106177023446318,-0.16952764651912253,-0.16850885301945573,0.050777788395946016,-0.69104229235213044,   1.058880254978823, -0.3598945234354437,  2.9762246273136328,-0.89738876535296952,-0.40506130668305962, -0.8537850133155821,   1.243432935382911,-0.45216990507329874,-0.35946059278284187,-0.21682202338948492,  -0.288081799532516,-0.54649047524713934,-0.43587703827010843,-0.53809470586363439,-0.17473581412146419,  2.2258464142990353,-0.52099240504572197,-0.16687140732400471
B*45,-0.30471865412531124,-0.10142183410540004,-0.023338015307966802,-0.022476049844319775,-0.091643467714675977,-0.25627104541686602,-0.22667309299188124,-0.050322772894045312,-0.073032722748100493,   2.236463832311943,-0.21487511682587945, -0.1639293553822492,-0.033641025378993356,-0.089342340152447963,-0.058568411542078397,-0.027859799439656163, -0.0332667556011388,-0.081971116429199603,-0.033601011654864857,-0.092476323025901794,-0.023127692364601042,-0.14573091000862992,-0.065936088629623246,-0.022240230728112678
B*48,-0.51829382896523568,-0.22323205271919391,-0.053177823466148688,-0.052707040101626412,-0.21495907013688492,-0.24829164339513501, -0.4613772380279757,-0.095917142484324286,-0.15694912317169354,-0.37976209181057813,-0.34377507190887929,-0.32073738881252284,-0.080429589567834706,   2.996071545567899, -0.1596277237916752,  1.4759331778209925,-0.10602887759613361,  -0.207632105370712,-0.085832076192782866,-0.29310125082408939,-0.053764771985586789,-0.16215747144311987, -0.2021241598613957,-0.052127181755362288
B*49, -0.2362622703999194,-0.18634462361869858,-0.045582146143793439,-0.045798563254564356,-0.17087783317654195,-0.22576870444063049,-0.36235605827950296,-0.089677959266019694,-0.16990664757429527,-0.33061527666939183,  1.8629325211686132,-0.29694956598915717,-0.084535138695954554,-0.16360418066332788,-0.099707330367032457,-0.063270500475564054,-0.11747568467469653,-0.22460997353346848,-0.11207338292218966,-0.16005909331544393, -0.0465442254458611,-0.10797767006846695,  1.5222654962750581,-0.045201188469150735
B*50,-0.055944178781903067,-0.076756297562085227,-0.01715183933888241,-0.017288839023139511,-0.046264833474667928,-0.051508618732706131,-0.14517674008217474,-0.030437650605450613,-0.036971293003056814, 0.71805413798798634, 0.49705485802871385,-0.096230618278444591,-0.027584518353679054,-0.042595874260172292,-0.050019280807675912,-0.021998631164653695,-0.027349076780906444,-0.15744155318788597,-0.049265113959921183,-0.066997316239826701,-0.018096371723940175,-0.038836492982854937,-0.11389564236593598,-0.027298215306736963
B*51,  1.1415631113039391,-0.55039994073778942,-0.19803908911577758,-0.19848398864966493,-0.69784577245511958, 0.48790774820152982,  0.8136282505701028,-0.44803890274495206,-0.62689257008111376, -1.0969859347122826,-0.73186031449774558,-0.51793953724421649, -0.4545328494638895, 0.81586198562667622,-0.44874665680485865, -0.2746811750725458,-0.31702116829851673,-0.49645980414768237,  1.8650354553930026,  2.7937091287237634,-0.22970148873280177, 0.10127557995832413,-0.52304396958722621,-0.20830809743115605
B*52,-0.22634752753905571,-0.18787725939094044,-0.043259323167133712,-0.043390293766112982,-0.19055611274307052,-0.24969847806260545,-0.41633584122425227,-0.091605809864371543,-0.19276589564928906,-0.33159886251574033,-0.35324754942539982, 0.35035594494041394,-0.099209006956565593,-0.15761465336180816,-0.10486038466124177,-0.054237930561158325,   2.446121658762928,-0.22571874445944617,-0.089823923080860013,-0.12753206394924757,-0.044156052852316587, 0.70851184461454697,-0.23195370699730383,-0.043200028089968541
B*53, -0.1967192593396348,-0.20643274707000253,-0.044543029328190646,-0.054637233611275635,-0.13944903172299827, -0.1693252487840487,  1.7031277416124664,-0.07962176417883042,-0.15706548191267219, 0.33989652877117288,-0.31590682668526826,-0.25763118440215738,-0.071631314375954103,-0.12407475081517659, 0.72672425101974047,-0.056341006783920941,-0.078586661985289352,-0.16590810937743425,-0.10840184714327046, -0.1377781985503293,-0.045241767015755316,-0.10992897891255866,-0.19953650560923822,-0.050987573799374325
B*55,  -0.296790579021039,-0.092635046401898943,-0.022326404999481395,-0.021647016730195558,  2.4321360809072599,-0.25255829661950041, -0.2176027212920997,-0.054383563047309125,-0.093633426124559868,-0.28270432077500746,-0.24446596749892663,-0.17931241191890065,-0.042165499358675897,-0.094565273022046731,-0.061498880639574045,-0.030252994390867143,-0.035235309652446978,  -0.071371728315895,-0.035418695194305613,-0.10591547263882743,-0.023076465266392374,-0.089646473703336532,-0.063532475995681265,-0.021397058300291951
B*56,  2.1979534624717787,-0.093971125685871904,-0.024664078881843198,-0.024657679137698518,-0.070729818097844149,-0.11945077118147931,-0.23345008827429681,-0.043822186890139198,-0.05910533591919518, -0.2651128010003872,-0.24947003951108629,-0.15029721429923298,-0.039892961400093817,-0.079888278607590416,-0.05647647712899858,-0.030609260178159542,-0.058525206767637152,-0.12939719210976078,-0.063803171738704922,-0.094420681937578091,-0.03202087250401546,-0.13693687174701102,-0.11687210592428443,-0.024379243548869344
B*57,-0.29034889624097837,-0.16972384194412043,-0.047393575531404927,-0.040660826933962502,-0.15051559431425679, -0.2767694003916793, 0.30764097363241272,-0.085978433468746659,-0.12915105339673932,  2.1030100119694151, 0.22034729770097905,-0.28592967724514473,-0.086677870133445745,-0.12550261053097184,-0.093282033106458523,-0.050920193084036357,-0.072071768710591455,-0.14607434883024284,-0.10632916435048853,-0.16911251929582716,-0.056188067301085463,-0.12323550138879097,-0.15247667064178291,0.027343763537947537
B*58,-0.17463917157182013,-0.15620746485346446,-0.058627177998961319,-0.044674670753622525,-0.11453317928764055,-0.16064540766441976,-0.31343854192891335,-0.091252604377022498,-0.12733804604465018,  1.2456961345446984,  1.6360072376310502,-0.29430742161955065,-0.090178057728105471,-0.12396140784901685,-0.11012140913800336,-0.06504653764687128,-0.070364604405473097,-0.14751052515185628,-0.16659559190143591,-0.17546715366002849,-0.049021889412723549,-0.094562718540167498,-0.20301198675971444,-0.050197803882286764
B*78,-0.038112727282335536,-0.043012487097598563,-0.0099404532666877935,-0.010026227365649624,-0.031243555005633132,-0.036713438316994119,-0.074995392056775245,-0.018692563102962061,-0.028218751139713998,-0.072855078868240414,-0.077919408075863159, 0.66744240103954189,0.035968028080297379,-0.027280566968878109,-0.023424545923285883,-0.012879380509232274,-0.01638466616487233,-0.038472086872650794,-0.022138570523778857,-0.036950911741374111,-0.01011631298204594,-0.025058615199903732,-0.039094924217404015,-0.0098797664379595054
INTERCEPT, 0.38057937452275842, 0.50814978539990741, -1.0257701113229671, -1.0172334105865899,  0.1010834425655516, 0.26816930739687272,   1.126808512100361,  -0.402036194690927,-0.0032720602286383294,  1.0739032753118751,  1.1298006434594152, 0.95830474042411729, -0.4915844561938299,7.8550120721030257E-005,-0.14061318722895172,-0.76198134006721785,-0.52458146027002128, 0.39047714749302304,-0.19495961184597149, 0.33728569284269816, -1.0091684583503866,-0.077958958527628922,  0.4066848744457453, -1.0321660967699253
