,Cw*01,Cw*02,Cw*03,Cw*04,Cw*05,Cw*06,Cw*07,Cw*08,Cw*12,Cw*14,Cw*15,Cw*16,Cw*17,Cw*18
A*0101,-0.74210702197637546,-0.50130193111535259,-0.39037529081215283,-0.11635242728921329,-0.19024611956329968,  1.1297547833976338, 0.59198471902356531,-0.66195203768940636, 0.46793023627644109, 0.40101897471117803,-0.016326392684065164,-0.17617445931996664, 0.32759946257866046,-0.12345249553764494
A*0102,-0.097817361409802739, 0.72184251165674829, 0.76415708944053318,-0.72464422934707495,-0.075147477126801046,-0.51012818863305609,0.031624854385671725, 0.34881957272258607,-0.080193038210596201,-0.031312079854464506,-0.16023827481449171,-0.11410688022774106,0.082968360365328619,-0.15582485894683967
A*0103,-0.0089869054417393551,-0.0030051464298620333,-0.024000485902619929,-0.0062264433053142504,-0.0011211721228012457,-0.010293276825243036,0.073735019538702345,-0.0047837357417800626,-0.004458093189165767,-0.0012398521700302402,-0.0041939736727352123,-0.0025693385890097594,-0.0016985093088043128,-0.001158086839597177
A*0201, 0.71146915759033291,0.050272393271971659, 0.45653272481745483,-0.20078213346322368,  1.4270264647404611,-0.45794162436267738, 0.22635566762539716,-0.41847373373665775,-0.44608799535181654,-0.29745091930686851,-0.25557216142789957, 0.37155476985739999,-0.55791700227646746,-0.60898560797741574
A*0202,-0.42432708446629613,-0.79532137207953135,-0.50105009459014083, -0.1317978661783821, -0.7864283120965021, 0.15909742603101873,-0.18288253138790042, 0.16990178679200657, 0.39997499176957807,  3.0463831511457409,0.047280781978291345, -0.8292363421101584,-0.031845143738239663,-0.13974939106948508
A*0203,-0.18707604095146801,-0.14921984961276893,-0.22999313796528897,-0.079427143909746228,0.010059817276613292,-0.055370461165592987,  0.6469050981486969, 0.82553851705979175,-0.66917198514386655,-0.037608500851238097,-0.024952095258360427,-0.031985541138092662,-0.010940018156810902,-0.0067586583318680338
A*0204,-0.25098018931010524,-0.37716024393269348, 0.24904007024009195,-0.41645002299254646, 0.18212653157946834,-0.011276738772725706,-0.23857533841172748,-0.22908746224903584,-0.24057598548498579, -0.3707196115887873,  2.2783642834600131,-0.50290977520798152,-0.054116908190999673,-0.017678609137985728
A*0205, 0.11114663661388412,-0.50737760236179075,0.043324064435475436,-0.65483917753000276, 0.23386121416938657, 0.11589542356898286,  1.9525852777309207,-0.097611136830197634, 0.68476336642229463,-0.42829012350814599,-0.39142205729457374, 0.55094319789377555, -1.3600176054401567,-0.25296147786985212
A*0206,  1.4991168773355108, -1.2692041155271254,  0.5474372437433378, 0.56736328754586607,-0.19266936321602085,-0.020945275095501377, 0.90056812171810452,  1.7419953944194018, -1.3707949382890541, -0.9750663941872092,-0.092585440012381989,-0.93896347527765733,-0.21011082762328515,-0.18614109553398903
A*0207,-0.0095817382442269939,-0.0065848805563060867,-0.013257121955833902,-0.011502700906243626,-0.0033531210705162301,-0.020276731627036561,-0.025812799099228352,0.0086189042421213041,-0.0081108699977637377,-0.0025233144155983049,-0.010550289091611858,-0.0067626375453164154, 0.11386303832082879,-0.0041657380532680319
A*0211,  0.2198198413919791,-0.045893718914301627, 0.18729845292256997, 0.91454890319529536,-0.073895666187282896,-0.39698058015333954, 0.10814647296076446, -1.0636934387025971,-0.75673198501000805,-0.18277595438849589,  1.4850206954285108,-0.20665663768556664,-0.056495956116117338,-0.13171042874141048
A*0212,0.057828343289506257,-0.070847253917688341,-0.042624267012492993,-0.026335337817058713,-0.0043970264687632583,-0.0053322746856207578,-0.025684477461898666,-0.061272256746698207,-0.0098608161295250102,-0.10959407484418676,  0.3886571585042301,-0.084932301629904894,-0.0033297864950444771,-0.0022756285848543486
A*0213,-0.041258265632898312,-0.13456629929434735,-0.053113530513295842,-0.052486454107516296,-0.010153866895289458,-0.011838456223002598,0.011681607295359345, -0.1368502372057831,-0.021361269422422703,-0.23203221141877481, 0.88074259357913454,-0.18644577333663839,-0.0072212080576153376,-0.0050966287669097637
A*0217,-0.46749888209961804,-0.07354928208553152,  1.5182844203075387,-0.28641471184722561, -0.2167442561740516,-0.10275297429197909,-0.56898060085746371,-0.19788768698821496, 0.54702346073802532,-0.29785530790297909, 0.36147832386810386,-0.14621606413336319,-0.041696538485800544,-0.027189900047440759
A*0220,-0.039794527874920861,-0.082112707068431934,-0.19967787755034838,-0.23450001831504344, 0.55843894449552478,-0.099485243203080803, 0.65892022298327257,-0.047274780506550602,-0.046935251379372538,-0.019533252349926495,-0.22392476827340785,-0.19159454776518692,-0.017827504386190039,-0.014698688806337607
A*0222, 0.95532779765531162, -0.2951209727957283,-0.43185269217316247,  -0.148001981197183,-0.38636951960065541,-0.10810422839061387,-0.54213949739802003, 0.64289893248779906, -0.4591549712098964,-0.19663772728019546, 0.54425472037618483, 0.47591274968107944,-0.032703734190259855,-0.018308875964660354
A*0230,-0.0063993437091848637,-0.0069350017043303376,-0.013044989675824055,-0.015844784643738351,-0.0054248714554734484,-0.028786355639869261,-0.027302867904157348,-0.010790387531719804, 0.14497730371153367,-0.0027419408951255041,-0.0093410139007444291,-0.012310360383020162,-0.0035907337987166436,-0.0024646524696294442
A*0234,-0.16019987528444765, 0.56047089776952608,-0.19306751643200787,-0.021874093406708699,-0.0025652924725319448,-0.0059915033873850039,-0.097174118709839552,-0.011587900044345342,-0.014906739912939891,-0.028929289333341997,-0.0090154198736538595,-0.0087783132286208855,-0.0041748423247941428,-0.00220599335890917
A*0260,-0.0075564447467295036,-0.019634476737709013,-0.0075137877551837437, 0.13354719697350301,-0.056048578788050619,-0.080032900498867604,-0.093389765462232932,-0.0094248624908780786, 0.17109377633219208,-0.0018973101790654052,-0.016793254330887613,-0.0066570115877714392,-0.0033587950662574886,-0.0023337856620616057
A*0301,-0.68348985095080417,0.085140684057630686, 0.30308405421404133, 0.36441766172343498,-0.32581955791982992, 0.27244528125771117, 0.05952341616239324,   -0.62464904707113, 0.79230514176843736, 0.10196450164723328, -1.4850729132944138, 0.74137147677990956,-0.20252821411719132,  0.6013073657425807
A*0302,-0.0049720062127309207,  0.7564523158754749,-0.24001151206526258, 0.28314271993035389,-0.37944388408606011, 0.15373226394175574,-0.27672821514253709, -0.1277598232372594,-0.61531300631975083,-0.025634885970706157, 0.69799431661913514,-0.18213249906919668,-0.018498608732108679,-0.020827175531107633
A*1101,  0.6015483022403989, -0.5838105474664651,-0.20109648481242898, 0.49560173841513483,  0.2767062930622165,-0.57440977460372211, 0.68507038064190318, -0.8764105990119736,  1.3244021754009252,-0.18327974628841967, -0.5541443636396175,-0.66320859649739972,-0.38698491497428139, 0.64001613753372866
A*1104,-0.0026859485281401922,-0.0095184860644472891,-0.0034938155574414922,-0.012009088323903917,0.019462245870047103,-0.0051501961498501159,-0.0081118882446030872,0.045002732047247057,-0.0022156495464919854,-0.0021121889984099381,-0.0058733820149151706,-0.0099375825140052016,-0.0015014857584173752,-0.0018552662166684609
A*1105,-0.044675326386578611,-0.0052567067239682255,0.088578959382355674,0.031125943136235519,-0.0020735889722128015,-0.0097655179628370285,-0.012523309405109109,-0.0064519508828191907,-0.010209957820175666,-0.0022031238225422214, -0.0158802754360074,-0.0060817068429755827,-0.0027514714989006783,-0.0018319667644646623
A*2301,-0.76111985101247848, 0.99714014723905831,-0.16446764523442611,  1.5064530046310083,-0.89648689316697361,  0.4444557921016799,0.094406531841677035,  -0.203661845890312,-0.70271060840472466,-0.069193400041580755,0.089201321439509512,-0.87068083752616976, 0.22670583509659878, 0.30995844892713398
A*2305,-0.032018172011112463,-0.0039809086436379997, 0.79991838638252666,-0.66252370423952611,-0.001401629723394399,-0.0098103129102022554,-0.0047872214160621747,-0.0037895504043935942,-0.035508376165608771,-0.0027434112831416215,-0.030906743849826394,-0.0088126915936444939,-0.0020614510060614349,-0.0015742131359148693
A*2402, 0.71439201090137083, 0.37172890485253879, 0.74560167687556378, -0.3181551039727939, 0.33527104069024199,-0.33067147299285898,  0.6975684640675075,-0.68941492501677437, 0.10952518976474604,-0.89024112526730281,-0.14799058131282836, 0.17905694177647591,-0.066773463946935049,-0.70989755641895025
A*2403,  1.4096334459173574,-0.32994662898138766, 0.10710919343460919, -1.0014666008703466, 0.53785095774205471,-0.089452355678553475,-0.32935783058678808,-0.098629322728038343,-0.24437126006149754,-0.087632919422818409, 0.14040555182089537, 0.13833241434583407,-0.045860253862693934,-0.10661439106862626
A*2405,-0.025799607033207057,-0.0086160972315551844,-0.06942845934401104,0.085049147840660061,-0.003219743494507345,-0.02865644134213427,-0.48399342752703789,-0.0099917144703062077, 0.58707744321327948,-0.0039894476244288794,-0.018912348303712839,-0.011533198262682207,-0.0046319532458009615,-0.0033541531745553744
A*2407, 0.27269752640287509,-0.34348574830459122,0.053063124951001517,  0.1762784977675097,-0.0078447913393558145,-0.021545035529544686,-0.065348799079816805,-0.021734698278746557, -0.0477195164874364,-0.016323625879498718,0.054378756735264343,-0.02036466314140728,-0.007327836552623008,-0.004723191263630383
A*2414,-0.019541754787473054,-0.0023508044347631848,-0.028785906944309655, 0.11445246219782905,-0.00069991573547215839,-0.0058734720487815233,-0.012854298643162615, -0.0016629442732638,-0.02175820767772008,-0.0016316754627808811,-0.011858939175053569,-0.0053278500958126767,-0.0011866904046351802,-0.00092000251460071215
A*2422,-0.18518951783591939, 0.56220672399372273, 0.22751531763316885,-0.089904109196101589,-0.0091017102299900954,-0.020127299684409468,-0.12675926747821839,-0.038937936656201731,-0.02949830113173044,-0.04229301759202788,-0.20999185172944768,-0.018246843912878872,-0.011906981476336672,-0.0077652047036292776
A*2425,0.048428113637269149,-0.29109580882696195,-0.023468134723395012,-0.072245266195813229,-0.007268033042777163,0.062268500276556678,-0.67935986262948234,  1.0291486641608465,-0.23960856224898647,-0.071164105363159938, 0.33200044788505595,-0.05126946907498011,-0.02238113456749662,-0.013985349286675455
A*2426,-0.023831095699600794,-0.07548845353464996,-0.023462310063764643,-0.017585270090105961,-0.31638240491075809,-0.026335439374223304, -0.4719073625833089,-0.019367249283168214,  1.0414726286734606,-0.0064109651011819086,-0.032191516122115002,-0.028637825248469046,0.0069688353777718733,-0.0068415720398868228
A*2501,-0.59757706834209801,-0.85819763853951003,  1.5324387709432497,-0.90357304512107561, 0.70833562923487581, -0.2381897580523103,-0.98063469492693933,-0.39381422923094483,  2.5525039965293366, 0.34636489795202385,-0.25545583321264276,-0.71651511606579144,-0.11373535017415974,-0.081950560994012669
A*2601,-0.73406055956194249,0.072200704937761595, 0.10739563122398782,-0.39541047302980853, 0.73749705998838511,0.043099487177524771, 0.17914098478943938,-0.087689423989885051, 0.87943611339449912,-0.052162061774676638,-0.81975455071720515,0.044855853856864705, 0.25801711931677312,-0.23256588561171865
A*2602,-0.006251471499877044,-0.0053853878012513406,-0.21908551234014537,-0.0079832989124422535,0.0016263082701451971,-0.19079463666336557, 0.46173873114346559,-0.0073045488351531742,-0.0052914565815551226,-0.0020141015854291261,-0.0078109213545010199,-0.006131891293466191,-0.0031365016573411766,-0.0021753108890833059
A*2607,-0.014936011609081557,-0.068344590124034751,-0.050559403930292131,-0.20425580668037224,-0.18863764595953195,-0.016550875464282706, 0.10863956075021554,-0.01129802530802141,-0.095512050962185846,-0.011568881785727819,-0.017873432873270399, 0.58093929556105239,-0.0058509606292162768,-0.0041911709852509565
A*2608,-0.32710277858728298,-0.29840193078360561, 0.33774442463748494, 0.57421938639656001,-0.0094449799811854324, 0.31785568481981064,-0.22666518011297471,-0.040491018186898549, 0.11523318446664081,-0.073119974373226204,-0.075913930722201858,-0.26741414879776138,-0.017942406342143974,-0.0085563324332155796
A*2901,-0.040673806508461197,-0.17364598946398799,-0.24161312147248704, 0.55121189404099036,-0.10067269871350094,0.053640836279550554, -1.8432953615514414, 0.51843526551588981,-0.36815928187197711,-0.00011794497119855689,  1.1294443992356462, 0.42162613453669534, 0.12102029122494733,-0.027200616280665085
A*2902, -0.7538622766222447,-0.19389518835894279,-0.78346752939863107,-0.45188761398162874,-0.63920130412614662,  1.3295309683594059,-0.28596760995046017,-0.0095395576521125295,-0.24214931690894703,-0.15161160597902956,-0.37176898983853379,  2.5055526886354165,-0.27919138116629943, 0.32745871698815215
A*3001,-0.98030068631850598, 0.52498689125426456,-0.70247179829078921,-0.51120269009732011,-0.66455814142698721, 0.07050714776151977,-0.69242970448830254,  0.2169113293543618,0.0034495482269649561, 0.66512375736378404,-0.16091257626622008, 0.57960382204892502, 0.98266472195726551, 0.66862837892104166
A*3002,0.091983131847570745, 0.20410164851973064, -0.2359531911680795, 0.38605328511636511,  2.2229587077857618,-0.58487769813582469, -1.2739109773796498,-0.061007810113055776,-0.80456006915039269,-0.57912276046071842, -1.2696075958939104, 0.80570256770599802, 0.36464252662046243, 0.73359823470574426
A*3003,-0.035078449145334076,-0.0052629044764723144,-0.050252032129476772,-0.69207574124315596,-0.0015510654340311341,-0.049363196846493929, 0.04276534561225187,-0.0056893237464383396,-0.03872600749210417,-0.0032339632553337791,-0.021657155869216134, 0.87427873737241935,-0.0025471313844708959,-0.011607111962143733
A*3004,-0.28830418407955821, 0.10212221723077876,-0.21992160809110797,-0.94517201946776963,-0.86451841162084719, 0.10106453067662227,  2.0624164674847294,0.0094496318962666304,-0.12393830275985364,-0.11760186142581293,  1.1944478262347844,-0.88465921756655541,0.010315843159295533, -0.0357009116709723
A*3010,-0.039581233587596631,-0.039645018216389223,-0.05860889072760779,-0.058185909944554949,-0.016200546538102607,  2.1819836230257552,-0.40192053280448586,-0.094387943378237582,-0.041409823870798917,-0.019184029093684579,-0.054606933595796103,-0.037277372678305415, -1.3038378545618703,-0.017137534028325088
A*3101,   1.360053317937125, -0.8964010110516627, 0.52661735996303349, 0.64533878313381376,0.084123999617830028, 0.30012783969925638, 0.42142080581527241,  1.1655262759158096, -1.1537986372471729, -1.2135145302637513,-0.27740319631194121,-0.44541134439675134,-0.21984047550006555,-0.29683918731079434
A*3102,-0.22366159899128027,-0.26668515710139745, -0.2363766366772995,  0.5942310339707404,-0.017140862890027284,0.0019381307593124332,-0.00080363853325056509,-0.16975374743203717,-0.12376056481429434, -0.2833565575887782, 0.97227843798157332,-0.22094957101411652,-0.01572220542574819,-0.010237062243396704
A*3109,-0.0075999478398502763,-0.064054060845774433, -0.0143106866474357,-0.18045905582044691,-0.21903156164775636,-0.0072581661039022747,-0.075468232945842956,-0.0052326747722948137,-0.0081985476510239071,-0.0095065071354677472,-0.011972085150250148, 0.60850198145092793,-0.003147341734179234,-0.0022631131567031207
A*3201,-0.086636092617712282,  1.0944845678277102,-0.62096778520358431,-0.32549054995799326,  0.8721484240904932, 0.19368447680267217,0.067663513324474844,-0.19354816324286983, 0.50543102562474929, -0.5650557416087989,-0.31666569050671661, -0.0469537986933437,-0.16323893002783721,-0.41485525581124372
A*3206,-0.14718077639517266,-0.11234607212289668, 0.44068583950788393,-0.010003942735517458,-0.0023486064348235119,-0.0057078136741533208,-0.088930806131448853,-0.010550703694647362,-0.014585046489386758,-0.026227719782551777,-0.0087485736877190474,-0.0081937397448325257,-0.0038257367046895751,-0.0020363019100443388
A*3301,-0.46122360169197546,  1.5844409506439137,-0.48016755912114129,-0.52421343904199769,-0.99344344304575216, 0.59336427951126558,-0.79916275722283447,  1.0218654461630612,-0.25051474839606491, 0.35240527170690156,-0.26709188431144115, 0.36814023408235258,-0.026043828737146328, -0.1183549205391413
A*3303, -1.1700916760176447,-0.37159537797933634, 0.50920838516804978, -0.1500656952830707, 0.33038031366714948,-0.47481680743011284,-0.74754074076324173,-0.36727557200922545,-0.14901058717000729,  2.3826745495799599, 0.27880595341678344,-0.75505115215123964,0.027090877504861641, 0.65728752946707714
A*3401,-0.19761686577126472,-0.15709463737112611,-0.23568036542648099, 0.80468984160681045,0.040868062885659265,-0.0067330119662821599,-0.13711001447478607,-0.015093823103337607,-0.030866231517655895,-0.03723420428295534,-0.0092299642014454161,-0.010721293484563466,-0.005373459375409043,-0.0028040335171627653
A*3402,-0.12330224276788837,-0.38382180907929114,-0.49713860943615124,  1.4567692704659716,-0.71193831394254692,  1.2577485059750835,-0.023608975765248816,-0.17731262261253816,-0.27338298758117174,  -0.190083663353177,-0.13210690574271211,-0.33373709786536138, 0.17367037786683254,-0.041754926161800619
A*3601,-0.31480376729237308, 0.78350012252453582,-0.26416364651698232, 0.98036772156156227,-0.19966619879426115,-0.41767296118656377,  0.2639750139419117,-0.054875652767289645,-0.081439359071456136,0.017595538748967878, -0.1557926116708179,-0.43315074604901393,-0.041420201906139847,-0.082453251522079787
A*6601,-0.59035958190913029, 0.41827127769975664,  -1.063132813851533,-0.13875236403025959,-0.12738204340219206, 0.88031052804436705,-0.98281522486343786,-0.31261973336384979, 0.50582068342975561,  0.4054893425603292,-0.20943637901149062,-0.16723417423407722,  1.5685025439906097,-0.18666206105884778
A*6602,-0.18204230227120693, 0.36116293216494383,-0.93285642250542078,-0.084547887972358945,0.00040344159333267416,-0.57094059111475115, 0.74711100239268202,-0.056800680161961638,-0.040692516154067507,-0.043309172115895897, 0.61922474443789421,0.024156524956799156,-0.020541597111979958, 0.17967252386199137
A*6603,-0.011192755989456423,-0.016367733277873931,-0.012474274143213051, 0.17464464664929097,-0.004367492084953576,-0.099524894305739506,0.012029371340492966,-0.0095032683440228454,-0.0051540413363851774,-0.002296945175789196,-0.016787949667228061,-0.0040861002517570055,-0.0029267713678554222,-0.0019917920455097605
A*6801, 0.49126331310940546,-0.11438151910842095, 0.54856355846926474,-0.13999910964750603,-0.92179107200997135,-0.11060596867681299,  1.4649603937824556, 0.36677274094344753,-0.21023332914294066, 0.14959236687935654,-0.52110005085349809,-0.23731949408912054,-0.32182571737704824, -0.4438961122786137
A*6802, -0.6029214172093964,-0.033424602522803902,  1.1347799242812329, 0.43098607347653378, 0.71566365677514554,  -1.259213669466352, 0.91376188461967656, 0.44775565026340752,-0.43222575830012416,-0.61542465027582505,-0.79586151495451363, 0.98520716166454447,  0.1515445125176671, -1.0406272508691932
A*6803,  1.8713764912686828,-0.59156194110062243,   0.551405832259805, -1.2060869072813758,-0.16959642612317152,-0.20257574644206497,  1.3828880457709238, 0.32418754142634054, -0.8165474602315278,-0.30186115557893151,-0.33637317996719041, -0.4028971269662196,-0.026201595335191688,-0.07615637169945523
A*6805,  1.1128191077602727,-0.32174864128895792, 0.71857747765561064,-0.11785715033311173,-0.025452781053602734,-0.067079233179748537,  0.5198859790306336,-0.13538377345707231,-0.66961118700167543, -0.2107073787234463,-0.55644262964226732,-0.19074370931339837,-0.033466264061018235,-0.022789816392218741
A*6807,-0.0068875758694340889,-0.0035525065113618023,-0.037365807019826162,-0.029823955151166624,-0.0014425884624328783,-0.0056598805774285546, 0.21757612014669825,-0.0048601521651492662,-0.11293151552474043,-0.0017395280008053037,-0.0049229907173080059,-0.0043972082967211031,-0.0023246320866245102,-0.0016677797636994679
A*6901,   1.983067462930133,-0.33566296249659161, -1.7499481986615235,-0.59345840012809936,-0.089448697885562159,-0.40009646913077734,-0.56608896972493639,-0.25535903940777371,  2.0173698247086205, 0.63789646828295354,-0.64416578069912156,-0.28067846119707812, 0.35118358144235073,-0.074610358032592958
A*7400, -1.0334815979262255,  1.7677174231665183, 0.39590111951246754, 0.18119981999465909,-0.0097217194082417583, -1.3631632546275971,-0.70090722381254378,-0.28590577187275379,-0.032887752226613692,-0.40337063426667424, 0.46076677951354739, 0.31955097723391723, 0.27383483240231288, 0.43046700231722729
A*8001,-0.21188165011885093, 0.31133911072291465,-0.61324928707759307,  2.1384148738423701,-0.39801905949985195, 0.32962024519237448,-0.12812656939355163,-0.15489612434381717,-0.58525553269472297,-0.18282081325954652,-0.53190678914563005, 0.10908221690335612,-0.046832245201327873,-0.035468375926123563
B*07,-0.038466930706469823,-0.96172411387870638,-0.93552594409202261, -1.2081438166898295, 0.45613305348757566,  -1.414631235342092,  3.6542486715762639, 0.17574326192223327,-0.09003084439738554,-0.46271535010786097,  2.8400899376824369, -1.0379691598800602,-0.51560249034744987,-0.46140503922662951
B*08, 0.40054489687047051, -0.6311632311347074,  0.7735999340196581,-0.49096406435119411,-0.55721534728525568,-0.23994406980934713,  3.6736754634751705,-0.42723923624553445,-0.27027605282544387,-0.28074602583108355,-0.64556640968164747,-0.66986580820945996,-0.38650517950387792,-0.24833486948774428
B*13,-0.45522857262672983,0.043319710133885303, 0.67780147042484518,-0.54551155434086962,-0.21367678567332199,  3.6182497183781259,-0.92656658808222703,0.095853260607753205,-0.49317294344929724,-0.22837517104234578,-0.47249024219869018,-0.56867015152364575,-0.33705291197033777,-0.19447923863714339
B*14,-0.74196763502902463, 0.41683400469851217, -1.1471200937939583,-0.62426674019945994, 0.49836547194441921,-0.81303758417958361, -1.2701455369570287,  4.9596344829334775,-0.89152745414066292, 0.25506434192626587,-0.20657148083341989,-0.37954742040191664,-0.41076734234748297, 0.35505298637986404
B*15,  2.2167184922769709,  2.0068386341901578,  1.8072490258224814, 0.33211668792873783,-0.98145991381260789, -2.2225996830022883, 0.37070067233286219,  -0.763230798043803,-0.64086868471569614,  1.6927602801228396, -1.4143841906441634,-0.77118235599330243,-0.74138877082627697,-0.89126939563591245
B*18,-0.60712693281546326, 0.68127229036831838, -1.2509621193603171, -1.4629245448799966,  3.4239914688008515, -1.4758813289074941,  1.5590270292450694, -1.0344995445813534,  2.7485035828952684,-0.64677098166646219,-0.58178464550526687,-0.22567628682136334,-0.65110323980931706,-0.47606474696247619
B*27,  2.8468403732486003,  3.5358419852776675,-0.35943214694668862, -0.4080884278935562, 0.27900987662115595, -1.1304256908042083,  -1.373821144603306,-0.14149351625656664, -1.0741602382636124,-0.35063717270267614, -0.7045136207294318,-0.31388856600144455,-0.41933920431518645, -0.3858925066307472
B*35,  1.0167195234346613, -1.0601333762195568, 0.78911440093462937,  4.1709480236712055, -1.2147539556304823,-0.97936108748715966,-0.68945088225033258, -1.5542409166748496,  1.1612587927680069,-0.18068405181840391, 0.22906800569164235,-0.11059171356499019, -0.9208879671224498,-0.65700479573192583
B*37,-0.49019902094042384, -0.2692753266448395,-0.68834917740133406,0.057857854013411175,-0.23979301489079891,  2.7818237383410334,  -1.059044627656496, 0.33386920589131813,-0.44609850238927723,-0.13946622251122359, 0.25174544316760689, 0.18390505092642706,-0.17644571224875777, -0.1005296876566452
B*38, -0.6578092280399801,-0.60070450065370595,-0.56187214063905222,  0.1188407544594863,-0.39942985005459342, 0.10033591750764032,-0.48569503004930253,-0.31680085556864795,  4.1215816480711824,-0.22602620341015159,-0.55694046258488938,0.018741208543540163,-0.34902486820418605,-0.20519638937734166
B*39, -0.3232569158882434,-0.91751470138679281, 0.77606633890167054, 0.64687793082456779,-0.75884294289646381,  -1.299917983167721,  2.9052411987563747,-0.86597217903741153,  2.6185103428844005,-0.39544215706022762,-0.93881428659069066,-0.58412993820408998,-0.52593848536156163,-0.33686622177381592
B*40,-0.67170009730805136,  2.0475706905305322,  3.6719498280865435,-0.28722036696176556,-0.78321836509979181, -1.6156279390277815, -1.0153537219579079,-0.40314469613418558, -1.0532855176981286, 0.19075367070987537,  1.7246567019324788,-0.75836735792425591,-0.62469148906742633,-0.42232134008013789
B*41,  -0.763676182166939,-0.70266730739099648,-0.98131214400657785,-0.87939698003247513,-0.54823083596446831, 0.80598826772119714, 0.64519132394247802,-0.033781720847836372,-0.68258983675200513,-0.25625343204305351,-0.63166085127654481,-0.64299080813358633,  4.8847401003223343,-0.21335959337152691
B*42,-0.20576494582640459,-0.52126245217889977,-0.48815873871459148,-0.54676964026301755,-0.12356143503012282,-0.61931274052013485,-0.69116371507005847,-0.40891265361900586,-0.34082844155823627,-0.24202672305643247,-0.38110695263150896, -0.3708630049853211,  5.0873484504044875,-0.14761700695075361
B*44, -1.0546433555006394,  1.2205337252137729, -1.0764677122189841,  1.7793764968159251,  3.6677476235938791, -1.8758806460680488,  0.1078404728378678, -1.6237522948699308, -1.2963454054719603,  0.4931325683141039,-0.86485163082128702,  2.4342903410899037, -1.0509955574050454,-0.85998462550955801
B*45, -0.7333616236676801,-0.78057995576565498,-0.59448337964625342,-0.33107047576055831,-0.50497247021606806,  2.8471010293162022, -1.3613996613894301,-0.58629987963147978,-0.58675844366354313,-0.30682117530923902, -0.6887013359724431,  3.5430700092029661, 0.32204024460526981,-0.23776288210208776
B*47,-0.29852516650276384,-0.27034896495169131,-0.53041013897957978, -0.4938129893542213, -0.1075680594213435,  1.7358447490822926, 0.76746851174604258, -0.2999312313005365,-0.39814726955049129,-0.10212922905788657,-0.19491650758737303,-0.31349489510217465,  0.6147877369492345,-0.10881654596950766
B*48,0.090389245478958477,-0.56210975334445812, -1.0547065107252764, 0.97264039911287836, -0.3090588145144344,-0.72354095189901013,   -1.51016286033767,   4.418176176460312,0.089356458654673038,-0.14339157863379082,-0.60586240648893563,-0.30388477287648086,-0.23964108545868765,-0.11820354542807646
B*49,-0.49437077134850405,-0.082975788543271436,-0.69035025352391655,-0.33218367814313654,-0.24330433478878596, 0.24381816347622381,  3.3897962575396132,-0.54878961503116042,-0.56667407028631345,-0.37409307560886085,-0.51292051198795563,-0.075513289512202056,-0.29461986491637471, 0.58218083267464704
B*50,-0.62470460905830005,0.0028558758517592425,-0.85756565750125913, 0.24712251801484716, 0.63553442632331003,  3.9827484839229794,-0.87437808919169513,-0.47688607867060084,-0.52143344980723072,-0.13823050459301539,-0.46781601256171884, -0.5557823533388706,-0.20171531670385862,-0.14974923268634543
B*51,-0.53610367696756733,   1.103524009082123,-0.87572453194147115,-0.50820448936685314, -0.4945413952936068, -2.2549760600705997, -1.7224303674207384, 0.92069340600483518,-0.84338678133444178,  3.0422440161504247,   2.535702781920345,  1.6634794725553181,  -1.106145851430637,-0.92413053188713501
B*52,-0.85744818156008906,-0.86429673782105043,  1.9495564202787532, 0.24064140101287526,-0.80679620542123409, -1.3780737340782669,-0.73868801433823461, -1.0576798320961152,  3.1742308333469782,-0.41432795560883284,  1.4461713156472287, 0.15953898638695005,-0.48602306014292435,-0.36680523560603745
B*53,-0.52053621071046197, 0.29974636670259303, -1.1411878189595601,  3.6882726355258084, 0.29287066047930055,   1.620240594860624,  -1.540148753616267,-0.26800783540832113,-0.68061167374118792,-0.62962051675945419,  0.2462396144386427,-0.75748301139863128,-0.37788775720293483,-0.23188629421015025
B*54,-0.024386719306497703,-0.054086607842779535,  0.6287617689007684,-0.049256685685173864,-0.018685208324616728,-0.062022472679110194,-0.23983283965601784,-0.025058994233920176,-0.043549079821684204,-0.0046670234907998723,-0.045966157863002295,-0.040181700450359729,-0.016016371254896005,-0.005051908291910474
B*55,  1.6661232309373826,-0.44945063799999635,  3.6181469285510217,-0.17652314389613194,-0.27631277922242919,-0.74113552118937087, -1.2063497297016048, -0.4424053477662771, -1.0986382199898044, -0.2181563064294294, 0.18171691023112424,  -0.385976911885337,-0.27778553687978164, -0.1932529347593662
B*56,  3.7165736928465147,-0.25092394769948606,-0.50405784198980763,-0.42456904338178625,-0.21035532229320489,-0.60946761679105366,-0.28636835409275213,-0.20927166171058822,-0.36509435775094412,-0.092134831319688387,-0.23236602267638137,-0.32158721754296676,-0.11872417563711953,-0.091653299960734541
B*57,-0.42803289022763563, -0.4842455709505365, -1.5224185514309849,-0.62061360117499909,-0.67923511476383847,  2.2091173115594502,  1.4688842771132939,-0.024728692111178615, -0.4955405063130216,-0.37973026693813411,-0.92084331859517765, -0.5150458361062169,-0.59225434447442471,  2.9846871044134029
B*58,-0.62252425870819073,-0.77361976953944134,  2.5295369085582373, -1.0645778427652512,-0.42845648634206918,  2.2098411642521967,  2.0804324435408024, -0.6558616225864411,-0.75471811575566639,-0.47365071245226859,-0.67943429360664009,-0.66585818672053321,-0.42784019872873669,-0.27326902914599888
B*67,-0.033703231214170064,-0.021465028561956364,-0.05615107050542667,-0.068879318823200975,-0.0090952199356206919,-0.11253325715990074,-0.13238339384619585,-0.066430462059720932,  0.8355973262146158,-0.22162469200672508,-0.064536367317569107,-0.019014512481468626,-0.019361193969969048,-0.010419578332691552
B*73,-0.17821503004775463,-0.30897813845421135,-0.20688850068397194,-0.31298000511880225,-0.11437447650379007,-0.38913771222020521, -0.4962678826374618,-0.15578220744714649,-0.26812282339404048,-0.042571194623379445,  2.7572877509674321,-0.12877348779740622,-0.11077706913483867,-0.044419222904423267
B*78,-0.22219011107617637,-0.45642864978098935,-0.37195835985933867,-0.25936961886372234,-0.10640945135936247,-0.50416634210928668,-0.65911752377591049, -0.4225095625857595,-0.30409290632655273, 0.31721445368092099, 0.34249032608851659,  2.8698563971420707,-0.13873710816379412,-0.084581543010615934
B*81,-0.27351506816711418,-0.30766202986433328,-0.60596733007608816,-0.54113420482708929,-0.15937813932224038, -0.8194684915227165,-0.96774922567991772,  2.1982253792491879,-0.48139677173139644,-0.25167584495424189,  -0.367482139195697,-0.44822895974244442,-0.18146378157723289,  3.2068966074113248
INTERCEPT,0.096452089682261308, 0.02672070144126619, 0.72071286148214408, 0.61823346860665385,  -1.035073342810066, 0.87396699038259085,  1.3759883797952845, 0.28948373855073933, 0.06169059370710523, -1.2107990681312388, 0.37563894041702056,-0.091686240751353607,-0.78981940192423916, -1.3115097104482003
