,B*0702,B*0705,B*0801,B*1302,B*1401,B*1402,B*1501,B*1503,B*1507,B*1509,B*1510,B*1515,B*1516,B*1517,B*1518,B*1524,B*1525,B*1801,B*2705,B*2706,B*3501,B*3502,B*3503,B*3508,B*3512,B*3701,B*3801,B*3901,B*3903,B*3905,B*3906,B*4001,B*4002,B*4003,B*4005,B*4006,B*4015,B*4101,B*4102,B*4201,B*4402,B*4403,B*4404,B*4501,B*4801,B*4901,B*5001,B*5101,B*5102,B*5108,B*5201,B*5301,B*5501,B*5601,B*5701,B*5703,B*5801,B*5802,B*7801
A*0101,-0.0046411162174043608, 0.67264058913951208,  2.6858601260508062,  1.0005709309485604, -0.1907885211231371,-0.30109731955164126,-0.62989987966126293,-0.25351526978395217, -0.1838571868031256,-0.13795619810179635, -0.2966668628838004,-0.14375231392766966,-0.22245603651956541,-0.050479263168798257, -0.1364364941720535,-0.13654171857900746,-0.14636632947235342,-0.48186395688146938,-0.76094011280166918,-0.13570192389271132,-0.33270264087294665,-0.13823979145637905, 0.50674465711002492, 0.57648811656221632,-0.13769474543904253,  1.4031972103072514,-0.29662085186888965,-0.29266950888789972,-0.16539756782283294,-0.17865477046441475, 0.78327019353373706, 0.42907582548240186,-0.62225623115157891,-0.13570192389271132,-0.16205699428698175,-0.17263127808091094,-0.14358709500138883,-0.24685008166739461, 0.44363618399071031, -0.2346036960397411,-0.61648626089269898,-0.47005936071883481,-0.18311493866961276, -0.2423843033722908,-0.40911704466094445, -0.4187210537484552,-0.12739794362899221, 0.99193890303386911,-0.20492363590709439,-0.16521033151832112,-0.32377035546210842,-0.43079298908929298,-0.16556835918410984, 0.42202845086251817,  1.6074562563689054,-0.19147554648954784, 0.23932527084772165,-0.19086268294856262,-0.14972022747284139
A*0201,  1.8493014693092606, -0.2608404513192718, 0.51774687290481802, 0.35021214805658774,-0.34957429147977764,-0.47960865693550409,  1.7930231237740279,-0.44814909499104788,-0.29304124123290082, 0.37446159452923344, -0.3938799358978391,-0.27165306461891831,-0.40001621495798312, 0.64868530108322731, 0.46522086495759457, 0.45343608018191528,-0.27608931559995581,-0.34834541335032837,  0.1314783137579848,-0.25790520387774235,  1.0211081864335698,-0.26225333234617654,-0.41315585077483435,-0.26996487099294397,-0.26132059067357338, 0.42166365259994903,-0.52026695276435286,  1.3531386243997379, 0.86489083855144833, 0.34941859496574346,-0.49907159089830144,  1.0215896808913125,-0.84787309081566098,-0.25790520387774235,-0.30244398680748497,-0.34855244831279264, -0.2713722226126748,-0.43004257832500292,-0.29651023503345608,-0.41899009313322266, 0.91077087111456623,-0.59331484067231255,-0.039732744387059954,-0.45389959707850192,-0.65011999536147425,-0.0072357785703796159, -0.3572339763178175, 0.48443803760955234, 0.79900240785266785,-0.12987670704790022, 0.16005865708859876,-0.67940015147148958, 0.15816155023276313,-0.46576609616949505,-0.027376551579488571,-0.35068715908981796,-0.58655102236420287,-0.34969420815294433,-0.25809211040218433
A*0202,-0.11321557894678859,-0.015728648686746872,-0.063110655243922675,-0.058042932126465441,-0.022169467881735197,-0.041468533439892437,-0.10944883210196293, 0.86448046130970801,-0.021236319640264057,-0.015310141442167193, 0.89568114399627141,-0.016034495529625884,-0.026563925666893515,-0.019351388221472175,-0.015121343663250362,-0.015134400564980164,-0.016363417393086787,-0.072773953499624164,-0.16420303797664609,-0.015030255464899287,-0.20246890301522161,-0.015345417718249521,-0.027765973101760377,-0.015909944672321659, 0.10580312501129023,-0.028110043238192325,-0.030741353993541897,-0.08605019153984074,-0.018800471799825077,-0.02054258965882591, -0.0454647060754498,-0.081489244445156872,-0.10496045839415759,-0.015030255464899287,-0.018367274590272226,-0.022084033625322311,-0.01601375261678015,-0.030098216373239912,-0.025860888408308913,-0.028307485794494665, 0.59906425236430183,-0.12223957684379737,-0.021136991554571691,-0.031649504035599969,-0.057107938192311261,-0.05890702168268918,-0.022814748257266062,-0.19328949369645948,-0.024104252232686994,-0.018776132839595908,-0.042992272646510163,-0.06120048505953609,-0.027593741562289002,-0.032825967577047088,-0.042526409553544642,-0.022262210212140695,-0.050987151480270547,0.035890934062212554,-0.01678748730118312
A*0205,-0.10129401809241935,-0.02626138159246437,-0.10238812046223292,-0.094438187510481109,-0.036861727809285531,-0.068130642373178826,-0.17326287596989748, 0.79900681624149716,-0.035331244686012009,-0.025569602752805683,-0.062130209844738264,-0.026766701729545182,-0.044045513265708866,-0.032234279647140811,-0.025257406119147723,-0.025278999544074372,-0.027309926649738928,-0.11743211209949445,-0.25342254189972607,-0.025106755046704277,-0.29341421336507739,-0.025627928482118475,-0.046003830625854156,-0.026560943240920037,-0.025515837027969092,-0.046563846718734432,-0.063834101139690555,-0.11292367556954773,-0.031327735872235529,-0.034192287895662116,-0.074517822795379066,-0.13087564116965875,-0.16653070902109121,-0.025106755046704277,-0.030614457970113217,-0.03672167344848503,-0.026732436554610096, 0.86442289337561196,-0.042898831452492861,-0.046885105107523944,-0.014445938048682067,-0.19230570119445825,-0.035168229862948534,-0.052311319321900376,-0.092966737209129013,-0.095796617286322175,-0.037919026452730244,-0.29470007477932797,-0.040029378456925946,-0.03128767057516367,-0.070569480454724678,-0.099396514115597634,-0.045723412948755399,-0.054216317498269238,-0.069824245583052849, 0.68401135318469242,  1.5334778165589777,-0.036878180367492672,-0.028009955606634062
A*0206,-0.48523425678081344,-0.09969320363114384,-0.33236011609481914,-0.31076602974001816,-0.13633677985666334,-0.23545651362106357,  1.0046815865877738,-0.18392465767562446,-0.10793738909065739,-0.097238351105882581,-0.21733737078089976,0.0074998767657723777,-0.16021018597974046,-0.12055848386406215,-0.096127835536465339,-0.096204700796008361,-0.10339859086997685,  0.2480105965866253,  2.0929970707297136,-0.095591347749617028,-0.10371227791087485,-0.097445662242305997,-0.16659434118981878,-0.10075370986802801,-0.097047231968970429,-0.16841060179093456,-0.22252181252933928, 0.87941314914086532,-0.09337352298712305, 0.61260734882613077, 0.18958511149091672, 0.68787888715572421,-0.083845380561569482,-0.09559134774961757,-0.11495710521699158,-0.13586386630072153, 0.72699475632897015,-0.17881135690394256,-0.12113531151443951,-0.16945069127008106,-0.025616617330975908,-0.53894094059855435,-0.12532006514949462,-0.18681769148807026, 0.51241028524940491, 0.22221791555374501, -0.1398966502623796,0.052444359326061313,-0.14695378674536022,-0.11729014600521809,-0.24271284310996522,-0.32429124287224348,-0.16568328069072732,-0.19282771695193712,-0.24050134431011777,-0.13685083945790869, 0.41710668889356006,-0.13639231150554917,-0.10586212297855135
A*0301,  2.2583509402366024,-0.10940316931958469,-0.34236819957981018,-0.33583555667816056,-0.14915188598049395, 0.47112246672082098, 0.56303743636999748,-0.20046463600882605,-0.14354326145703569,-0.10673227321946359,-0.17616192660148033,-0.11134789807384278,-0.17493487633989932,-0.13206340576912184,-0.10552368403771517,-0.10560734465893404,-0.11343268030730523,-0.39088979590357903, 0.75941093632948431,-0.10493973896465771,  1.0560715718926279,-0.10695787237865836, 0.55340249073644632,-0.11055668485550461,-0.10652429257355156, -0.1729527685010383,-0.15545471288719329, 0.18712328835037612,-0.12866908212394199,-0.13934199766305436,-0.27583363238463587,-0.21825015164502462,-0.050366053141630701,-0.10493973896465771,-0.12598729457599672,-0.14864025906076866,-0.074445832196225914,-0.16333067862749542,  1.2470977836216735,-0.18489209043323912, 0.30361844355885281,-0.09264465583798405,-0.14294340678457532,-0.19821247762421554,-0.30495053306439163,-0.28984137044200997,-0.15300194703215941,-0.67300152560592996,-0.16062866930067626,-0.12203437126309498, 0.63608254751512527, -0.3405679992312361,-0.18083393797998709, -0.1149716180839825,-0.26107400953961568,  0.6063450236488408,-0.27209056582821289,-0.14921196078797094,-0.11611040566228206
A*0302,-0.040919608888037959,-0.0053435466709287234,-0.013580975721296221,-0.020266700256655026,-0.007563563243671515,-0.014326306767977508,-0.039466760893473687,-0.010667750105383842,-0.0072407810255623786,-0.0051999363815484496,-0.013003595630987075,-0.0054485472534155461,-0.0090888621860333828,-0.0065899536298568437,-0.005135175956931309,-0.0051396541428464304,-0.0055615162631612721,-0.025648963201476447,-0.061198830450797624,-0.0051039371145636808,-0.077162531333261258,-0.0052120381936883921,-0.0095075877705450076,-0.0054057824100680702,-0.0051887810348068891,-0.0096275612479004534,  0.9560152789193298,-0.030582207921307957,-0.0064000324912162967,-0.0070010661501342429,-0.015747379398362158,-0.028878593598875166,-0.037743747581083724,-0.0051039371145636973,-0.0062507888648494162,-0.0075339958909241764,-0.0054414246583788422,-0.010321848147019336,-0.0088442621857063308,-0.0096964307554845367,-0.048878528698288903,-0.044425580030194638,-0.0072064454886989291,-0.010864794155963626,-0.019928342238626887,-0.02057977891292764,-0.0077869987720390983,-0.073275083565320767,-0.0082340576545082995,-0.0063916451993985008,-0.014867322611106112,-0.021412263735539748,-0.0094475528350026691,-0.011277268490588712,-0.014701814143737861,-0.0075956535333942792,-0.017722913862727639,-0.0075670370963785019,-0.0057072353621060671
A*1101,-0.38305847571582746,-0.068188190621206748,-0.24128169719444001,0.065480621255617849,-0.094244176132492599,-0.16709401651055472,-0.38109750232260442,-0.12880666729728341,-0.090528757198537646,-0.066460764818539936,-0.15353402765499444,-0.069447851193940702,-0.11148401230000904,-0.082963354291943958,-0.065680074698171095,-0.065734095081107058,-0.07079998397955016, 0.45259049603702478, -0.4922059218742515,-0.065303097675735056, 0.27126484227353592,-0.066606549340323104,-0.11612835545336898,-0.068935161749350132,-0.06632637109778744,-0.11745224289263194,-0.15740335519846052,-0.24254947451904429,-0.08073666890966244,-0.087753877883910411,-0.18132994044480097,-0.11639110613496831,0.087866548399571712,-0.065303097675735056,-0.078980751475941247, 0.75881094398838034,-0.069362492643667492,-0.12505527365135199,-0.10875373887616042,-0.11821087519193997,   -0.44632858654613, 0.37541497089263715,-0.09013212484283524,-0.13093304681373924,  1.0674900595183727,  1.4498158864862403,-0.096801952850566489,-0.36967396866298025,-0.10188596733729664,-0.080638125586530107,  1.2656808082455719,  0.2520098118991051,-0.11546471953196209, 0.66571635363403336,-0.15307219771975134,-0.094612943634092839,-0.20058232690861358,-0.094284037392348308,-0.072539345102950459
A*1102,-0.040500370690123841,-0.00528688244517698,-0.021876788928924241,-0.020054898658259889,-0.0074835323125438009,-0.014175718724522121,-0.039061848072215785,-0.010555216523029962,-0.0071641411992134051,-0.0051447872387229395,-0.012866734361534798,-0.0053907755475540867,-0.0089928357533518889,-0.0065201578404249488,-0.0050807101728139433,-0.0050851411015771482,-0.0055025532865085516,0.014326609109365986,-0.060583691906687463,-0.0050498009974653231,-0.076398323652542607,-0.0051567613596868603,-0.009407178614135531,-0.0053484617325574579,-0.0051337495975547869,-0.009525897015484338,-0.013237234684120974,-0.030265768877429506,-0.0063322355420436741,-0.006926946122793029,-0.015582083241417681,-0.028579292165630155,-0.037355875492769031,-0.0050498009974653231,-0.0061845631676715525,-0.0074542755066877549,-0.0053837280699017016,-0.010212926574104678,-0.0087507976019248427,-0.0095940461912716549,-0.048381515986687003,-0.043971934504194329,-0.0071301665123982604,-0.010750204070716574,-0.019720008362600829, 0.90774565263443874,-0.0077046217262525842,-0.072546770239838562,-0.0081469894822102373,-0.0063239365408264804,-0.014711130244471092,-0.021188738666969353,-0.009347771834267762,-0.011158376083534396,-0.014547335687625894,-0.0075152855227643587,-0.017537238477325079,-0.0074869696806582195,-0.0056467361526195761
A*2301, 0.07333904695236361,-0.047269002813729012,-0.16190602796802495,-0.16221499124153166,-0.065823298326679783,-0.11902034358800941,-0.28485094642259867,-0.036501471773125467,-0.063161741173858102,-0.046048195653272658,-0.10897764368484235,-0.048159970303949938,  2.2161618360272768,-0.05775836993075148,-0.045496846280610875,-0.04553498936942859,-0.049117033417364238,-0.19895656696084402,-0.39951891784240323,-0.045230699355977455, 0.32357991553136667,-0.046151176384948728,-0.081604475889795053,-0.047797264273353644,-0.045953263566386959,-0.082564799511180287,-0.11183697554139475,-0.23090145540539667,-0.05617217539469542,-0.061177335565883222,-0.097038543761559126,-0.22004437388908685,-0.27471638374732166,-0.045230699355977594,-0.054922681800873153,-0.065579961188584543, -0.0480995758594411,-0.088092129534236646,-0.076266758739548426, 0.79916045969030258,-0.33775140914107338,  1.6296646212772936,-0.062877917247393167,-0.087963657954643365, -0.1598329537733264, 0.03849548054800303,-0.067658612149623529,-0.45942215360864058,-0.071313832928558835,-0.056102022973752337,-0.12308102887394888,-0.17021334059352092,-0.08112333256408702,-0.095616087990877299,-0.11344310955538237,-0.066087596011318139,-0.14408287731524108, 0.78621489065662653,-0.050349232485179585
A*2402,-0.12454459191043699, -0.2910481540716891,-0.23740604680526808,-0.37899321758799115,-0.31769306537881459,-0.48850334580466476,  1.3601704241991222,-0.42845796098029104,  1.1845495684987766,-0.28492460253269264,-0.55057388751794945,-0.29548458680070777,-0.42833567540012901,-0.065341845597916684, -0.2821420748064089,-0.26864100105177213,-0.21286572051943151,-0.79426907967343896, 0.51326848087189647, 0.42898817177894555, 0.84626756396640357, 0.31952453046505375,-0.44556336124398954,-0.29368191973356933, 0.34380668846254409, -0.4494771090102202, -0.5608464043284912, 0.23267173620274945,-0.25045823359138203,-0.35742944264613224, 0.33344527637567672, 0.95746849850066973,  1.5386480054530749, 0.42898817177894732, 0.88992027367000281,-0.20805996589370584,-0.29518472278758834,-0.47165060120411978, -0.4189275106345442,-0.45171282070483759,-0.10485144202005699,-0.63732675246380865,0.038891398623526509,  1.4683234401864345, 0.52590027810626727, -0.3835385353757807,-0.38647639074972145,0.038549282467269005,-0.37883294301086456, 0.75902715325925485,-0.20410847808225069,-0.36106817896424098, 0.84234268815834978,0.079951835821135755, 0.71146001547423798,-0.37954153938503582,-0.66944128002648473,-0.37848891201322421,-0.30627208201069689
A*2403,-0.074237212028736163,-0.0099764891784781436,-0.040702602862489119,-0.037369349361427412,-0.014094519570068244,-0.02654530419963665,-0.071680510805003469,-0.019826916694160365,-0.013496733023146681,-0.0097095635478879842,-0.024121001826837612,-0.010171610233812517,-0.016914954835757536,-0.012290423269605392,-0.0095891734474364901,-0.0095974988657347143,-0.010381499990143454,-0.047088900088828871, 0.64071503663260243,-0.009531095401999647,-0.13640678702943088,-0.0097320596253428152,-0.017687962222446271,-0.010092145266342311,-0.0096888267159613243,-0.017909344963953105,-0.024807724555642285,-0.055927022973320792,-0.011938154109320632,-0.013052575513407211,-0.029144074484940951,-0.052882436825518797,0.050368837842051921,-0.009531095401999647,-0.011661254532492457,-0.014039774026670022,-0.010158375527210118,-0.019189619924776864,-0.016463149568978416,-0.018036407694600944,-0.088149412641607111,   0.543225726884911,-0.013433125238869794,-0.020189791928173315,-0.036755575956169767, 0.25592900497306764,-0.014508126220625955,-0.12987755532724327, -0.0153352228310867,-0.011922594495204539,-0.027535387252076778,-0.039444918080336226,-0.017577164879427586,-0.020949017727201931,-0.027232583741415427,-0.014153941683031246,-0.032746908890379296,-0.014100951383447236,-0.010652177862790572
A*2407,-0.039795210343873455,-0.00519166416499815,-0.021489065787166466,-0.019698841159284192,-0.0073490403147692378,-0.013922607819657956,-0.038380808415171629,-0.010366087376976313,-0.007035349123346829,-0.0050521152730401168,-0.012636704054992636,-0.0052936959748907907,-0.0088314564046968694,-0.0064028692164221574,-0.0049891866828632768,-0.0049935381897966563,-0.0054034715857848659,-0.024933965240864907,-0.05954850481767137,-0.0049588315555248981,-0.075111789958869413,-0.0050638747914415836,-0.0092384318049647911,-0.0052521401844949035,-0.0050412754521352438,-0.0093550403627433044, -0.0130006656102854,-0.029733659832419806,-0.0062183064878843014,-0.006802389372024523,-0.015304239827465739,-0.028076023555185379, 0.80027043543660681,-0.0049588315555248981,-0.0060732749850269325,-0.007320305494322903,-0.0052867747440300279,-0.010029869703911266,-0.0085937247012370186,-0.0094219786194682919,-0.047545370218732182,-0.043208832855613256,-0.0070019809634994492,-0.010557617613637587,-0.01936978362924251,-0.020003320045118525,-0.0075661862126196822,-0.071320775090594798,-0.0080006686428722041,-0.0062101558810604279,-0.014448595585617419,-0.020812961309385945,   0.104680501718799,-0.010958556611218829,-0.014287683022962383,-0.0073802269425189779,-0.017225123089010069,-0.0073524163573800731,-0.0055450725390929802
A*2501,-0.21529216942300672,-0.032681564294563925,-0.059244725793295309,-0.11578356892640597,-0.045759806144154827,-0.083989681787184037,-0.20812454639589748,-0.063596353071377371,-0.043875410189676257,-0.031825883084601742,-0.076691991727591016,-0.033306436605308479,-0.054587802691801968,-0.040058356945042131,-0.031439629569401974,-0.031466347055107188,-0.033978019918184547,  2.6426251801130189,-0.30226869976288628,-0.031253222059334625, -0.2460868286543979,-0.031898039050361482,-0.047003687205620585,-0.033052016302018074, -0.0317593678175122,-0.057676000936899327,-0.078766051049516367,-0.16761162208834529,-0.038940024741810401,-0.042472246039595228,-0.091738547817620586,-0.15932093478534554,-0.13757762802024812,-0.031253222059334625,-0.038059786363478565,-0.045587414920580833,-0.033264069343065125, 0.77989197684610267,-0.053180528108694045,-0.058069716088390073, -0.2345376777605219, 0.46199526334262947,-0.043674624254158828,-0.064711607185992018,-0.11401357555177309,-0.11741667479584947, 0.73371918954403725,-0.34943682331762299,-0.049655891011256385,-0.038890588346005991,-0.086950766525788661,-0.12174081945555665,-0.056645760144476684,-0.067039787264489892,-0.086046225455985184,-0.045947000514180478,-0.10235857312898809,-0.04578005656559931,-0.034843211729886629
A*2601,-0.24770468541548135,-0.045317000330765356, 0.60795427088079312,-0.12495995518941651, 0.76171586779931344,-0.11440919605293497,-0.27519903967390136,-0.087220447918423288,-0.060590926624271194,-0.044144475679190408,-0.097151405075094205,-0.046172798853701111,-0.072325820792146125,-0.055395938009823252,-0.043614967154610405,-0.043651598533840798,-0.047092147935396983,-0.19174629223785669,  1.7361565578127949,-0.043359371247720407,-0.38995703926754471,-0.044243379106078597,-0.07833752580485627,-0.045824402718357103,-0.044053302446385979,-0.079262227984692304,  2.4619259484675493,-0.22274431841079242,-0.053871304456153367,-0.058682812682292668,-0.12465315525392309,  -0.212203612944455,-0.24511600754618021,-0.043359371247720407,-0.052670430130174417,-0.062916546870364867,-0.046114786521291355,-0.084585709913953422,-0.073198920305330747,-0.079792410669157349, 0.33477506282100583,-0.30283237369379284,-0.06031799759856981, -0.0302264676029299, -0.1538513572055398,-0.15828083063802043,-0.064915923374225873,-0.44567620704899391,-0.068432461756249854,-0.053803878949626002, -0.1183292076910486,-0.16389797749213214,-0.077874253181583059,-0.091835374196850533,-0.11713239272792883,-0.063404778349291299, -0.1386189300362172,-0.063178076891860419,-0.048275888342315741
A*2608,-0.039366070622106654,-0.0051337701777549021,-0.021253220438385685,-0.019482267795876886,-0.0072672624827459596,-0.013768676047917096,-0.037966362585563254,-0.010251077873412208,-0.0069570378068605559,-0.0049957696979529998,-0.012496813857227831,-0.0052346701291139412,-0.0087333257047394666,-0.0063315537616099671,-0.0049335394914780352,-0.0049378427023936567,-0.0053432282317414205,-0.024661222700926848,-0.058918216722905162,-0.0049035212777522093,-0.074328183234556741,-0.0050073987174174533,-0.0091358199884148238, 0.12452571698392668,-0.0049850501711507763,-0.0092511452553331788,-0.012856797512521237,-0.029409917084218376,-0.0061490341207381186,-0.0067266538109199778,-0.01513526042440819,-0.027769840902636657,-0.036306556818494297,-0.0049035212777522093,-0.0060056086219209982,-0.0072388451189795491,-0.0052278256695750865,-0.0099185537809980354,-0.0084982132695591104,-0.0093173469800159215, 0.76374475135586717,-0.042744392137030324,-0.0069240385146899543,-0.010440505102709193,-0.01915675993681468,-0.019783464357075221,-0.0074820100196732048,-0.070574105951132962,-0.0079116966819870946,-0.0061409737580347306,-0.014288930391453809,-0.020584386478956253,-0.0090781114331069598,-0.010837044343451605,-0.014129771249109163,-0.0072981045379872369,-0.017035290255054368,-0.0072706012288750394,-0.0054832590945764629
A*2902, 0.54965967350555611,-0.048842050110552489,-0.16432056095895198,-0.16706497478298557,-0.067974500418419501,-0.12271995069373827,-0.23182563954751143,-0.093725305795905767, -0.0652312844881522,-0.047582461058228782,-0.11239661986966193,-0.049761262354312323,-0.080767291235900679,-0.059660833525747012,-0.047013566450453959,-0.047052923971546139,-0.050748610512762117,-0.20471833620688032,-0.40460207027049155,-0.046738943194053681,-0.48831414018890512, -0.0476887170586799,-0.084231355695109242,-0.049387064233515091,-0.047484509503283132,-0.085220164863214196,-0.11533638157725101,-0.23741081619672955,-0.058025257933243549,-0.063185722041119982,-0.13362029765672986,-0.097102660119330178,-0.27781485951448359,-0.046738943194053674,-0.056736757336034879, 0.62573399441681077,-0.049698954903371353,-0.090910445185955979,-0.078734354362725675,-0.085787051796808539, 0.41659324291949124,   1.318223425436684, 0.83440908255515089, 0.75757517599696966,-0.16462178061565108,-0.16931639200788176,-0.069865877244716976, 0.45463172685951869,-0.073632167354266684,-0.05795291788176396,-0.12689264463317657,-0.17526679142835966,-0.083735920368572997, 0.73298403548598234,-0.12561886370193301,-0.068246896449351946,-0.14846079265408563,-0.068003956879856609,-0.052019717149747027
A*3001,-0.28660855154842629,-0.053180144844602706,-0.19429167862301036,  2.1389482966986093,-0.073894895754747794,-0.13284828437684593,-0.31332304449821202,-0.013817530789680278,-0.070928573572905329,-0.051814191094031632, 0.65929578758320317,-0.054176804093396556,-0.087712002666065908,-0.064901246148742417,-0.051197166897909513,-0.051239856009396234, -0.0552471768585387,-0.22038916998012861,-0.43822445886977263,-0.05089928947133511,-0.48794643211356153,-0.051929431152465781,-0.091448961054791722,-0.05377109658938431,-0.051707957079278312,-0.092515322749496545,-0.12492299239538393,-0.25507517263532797,-0.063130539358943361,-0.068715839172222626,-0.14453460545829319,-0.24330384104096575,-0.30241064731136008,-0.05089928947133511,-0.06173526369733378,-0.073623760257040524,-0.054109251668893216,-0.098648961280987074,-0.085518036249242937,  1.5164656439763891,-0.37007970577726568,  -0.343804086019319,-0.070612150721935857,-0.10340184451845229,-0.17768590163505685,-0.18269545516645935, 0.74541772298822284, 0.67276279987027554,-0.080008814640991591,-0.063052211759390547,-0.13732376866634946, 0.34392313786746387,-0.090914609829984089,-0.10698740433033109,-0.064151698936032467,-0.0047335329236529123, 0.56983092488852827,-0.073926741502060425,-0.056624920611355926
A*3002,-0.23983612245475908,-0.046001861578379301,-0.17082595300933753,-0.15828709351106918,-0.064088721241250743,-0.11602958181326646,-0.27859998690874721,-0.088487068086593623,-0.061493239105273559,-0.044812377144646941, 0.61735515334303459,-0.046870014223365487,-0.07620197346492405,-0.056225006814771501,-0.044275197092341817,-0.044312359448033814,-0.047802612032657454,  1.6671868469204496,-0.22638969346920609,-0.044015895247441698, 0.28395126371996554,-0.044912712730446079,-0.017247277246722696,-0.046516591256627909,-0.044719883610388388,-0.080421883978713166,-0.096408765987391704,-0.20991582251774896,-0.054678738844788612,-0.059558307589429274,-0.12640233876375945,-0.21496381459108063,-0.26864072319525417,-0.044015895247441698,-0.053460779335458737,-0.063851412672180766,-0.046811165088307703, 0.76179475947329311,-0.074276001943414743,-0.080959242508932175,-0.20953461365796808,-0.30649467646973866,-0.061216480223829424,-0.090002774776343067,-0.15595495569069043, 0.63935287044734079,-0.065878660794252586,0.031595319433356452,-0.069443963845413154,-0.054610355054585585, 0.48874710007124289, 0.61444128079652049,-0.079015089772919309,-0.093163299064590338,-0.11878724703721215,-0.064346465659881655,-0.14053992674973367,-0.064116595080738845,-0.049003376573154692
A*3007,-0.041126015461480182,-0.0053714592342978323,-0.022220992199816676,-0.020371009169134337,-0.0076029847932055144,-0.01440047559230619,-0.039666118617136495, 0.87675142437803244,-0.0072785323766219271,-0.0052271026819938164,-0.01307100498768813,-0.00547700531045083,-0.0091361616704173261,-0.0066243340820765556,-0.0051620056639938251,-0.0051665071267909812,-0.0055905610833125651,-0.025780277403425558,-0.06150160246818602,-0.005130604441453389,-0.077538597739840856,-0.0052392673893094412,-0.0095570457232407782,-0.0054340183115457281,-0.0052158893585588012,-0.0096776373137932165,-0.013447309270826038,-0.030738025550374238,-0.0064334284403481318,-0.0070375764305022192,-0.015828790632074277,-0.029025976138295079,-0.037934719987700025,-0.005130604441453389,-0.0062834109099299644,-0.0075732644894627504,-0.0054698457161087063,-0.010375498340928329,-0.0088902999602223452,-0.0097468615770639651,-0.049123199550171359,-0.044648915698686245,-0.0072440191116982227,-0.010921235951946474,-0.020030943869612385,-0.02068566644126869,-0.0078275758281307166,-0.073633504093827379,-0.0082769451569229859,-0.0064249976619919847,-0.014944251091722569,-0.021522344396652862,-0.0094967014260118818,-0.011335829042805754,-0.014777898672249467,-0.0076352411022587129,0.077604180272805579,-0.007606476615344109,-0.0057370368541699744
A*3101,-0.47525100175336216,-0.10366769541162323,-0.27408598909033699,-0.32110464469164818,-0.14159080579168118,  1.0262084395520659, 0.67291167791114737,-0.19071856215935926, -0.1362324194986099,0.017152200632510092,-0.22513853067609838,   0.653846665741178,-0.16625298528524202,-0.12527214963911062,-0.099973107893891577,-0.10005276815020743,-0.10750646130688798,-0.26347784753769393,0.042579404780324959,-0.099417101003268449, 0.71370842283246272,-0.10133879788591096,-0.17284243805346944,-0.10476647100449361,-0.10092590890270838,-0.17471668154782677,-0.23047419469994559,-0.036158720208943826,-0.12203338932841126,-0.026324433171266672,0.052925561644293559,-0.29457403478127137,  1.6995242352522695,-0.099417101003268449,-0.11947514571060505, -0.1411019161805033,-0.10539473421243105,-0.18544593831871783,-0.16236867949989006,-0.17578989366186576,-0.40176847310419578,-0.083669853716456286,-0.13565946657766678,-0.19370111643761329,  1.6075721262096279,-0.32492151104155781,-0.14527045161999849,  1.7489196811472782,-0.15256277797083129,-0.12188991324954207,-0.24540470452354624,-0.33496684693568129, 0.21922412094665913,-0.19989568090929546,-0.24896809833137665, -0.1421222609112712,-0.28917446209950587,-0.14164821233776087,-0.11005815882296671
A*3201, 0.13076871768820669,-0.03961341474048919,-0.14934052790067484,-0.13818711370132949,0.033728759334326001, -0.1008031517016591, -0.1667881192788184,-0.076617381400259005,-0.053061751197566967,-0.038582981689419635,-0.092167775100718538,-0.040365681729397779,-0.065878279293946546,-0.048482446422172296,-0.038117732545111888,-0.038149916568299941, 0.79064313031766575, -0.1702767364372979, 0.18808080060454777,-0.037893175705584321,  0.4817910703740762,-0.038669888020777941, 0.80581284326113245,-0.040059414854768105,-0.038502868439547491,-0.069563661269322868,-0.094624176393705156, -0.1343635041804899,-0.047139521260703962,-0.051379155796942362,-0.10994947539687916,-0.18880692670817048,-0.23720209741408096,-0.037893175705584321,-0.046082097500582044,-0.055113478132872207,-0.040314682788303906,-0.074280787814248961,-0.064197491503861268,-0.070033215513817026, 0.91608530258992804,  0.9916865057132328,-0.052821035235492177,-0.077944469189369411, -0.1361156463020872,-0.14009729273959293,-0.056878229508845524,-0.25789094752074504,-0.059983992907407482,-0.047080142772960722,-0.10430100273435194,-0.14515086315399603,-0.068334656121058074,-0.080713176262427563,-0.10323282196019225,-0.055544302147133552, -0.1224474983742944,-0.055344269151391651,-0.042214979694365072
A*3301,-0.040875359749747868,-0.0053375640925099749,-0.022083069682830969,-0.020244341372557199,-0.0075551137937426597, 0.93817316615472568,-0.039424023231233105,-0.010655869450007398,-0.0072326895753771986,-0.0051941137570480529,-0.012989146902553624,-0.0054424477537576626,-0.0090787241157473438,-0.0065825847126975779,-0.0051294254777270679,-0.0051338986744861254,-0.0055552909963883599,-0.025620814755932548,-0.06113391535409677,-0.0050982214398416232,-0.077081894972053533,-0.0052062020882531635,-0.0094969870310792036,-0.0053997305273026991,-0.0051829708370123174,-0.0096168280150013292,-0.013363125630705259,-0.030548805960734338,-0.0063928745955919661,-0.0069932407170891645,-0.015729929170315109,-0.028847000148845614,-0.037702807939915033,-0.0050982214398416232,-0.0062437968499357011,-0.0075255792254339052,-0.0054353330891656355,-0.010310348790869417,-0.0088343945626894859,-0.0096856214801127327,-0.048826074170070816,-0.044377700707293945,-0.0071983921336601399,-0.010852696408372872,-0.019906349359684775,-0.020557081605476795,-0.0077783016434872301,-0.073198232386487594,-0.0082248652881268206,-0.0063844966248048389,-0.014850833335279172,-0.021388667499204036,-0.0094370184075795067,-0.011264716576155081,0.0096844807095297063,-0.00758716849787687,-0.017703312556078668,-0.0075585837947724534,-0.005700847909613266
A*3303,-0.12454815131769095,-0.019255858522254803,-0.07650483564059149,-0.070432316134534864,-0.027102916568578442,-0.050489846140463604, -0.1315299270199472,-0.037932144770129787,-0.025967365852163381,-0.01874522604625117,-0.045974779826043116,-0.019628972222309776,-0.032444541422988173,-0.023672216222267933,-0.018514838575609364,-0.018530772363856925,-0.020030181033101221,-0.088052890769492159,-0.19551703450630539,-0.018403678013195222, 0.38766224443401459,-0.018788271416009347,-0.03390396598965667,-0.019477034201462622,-0.018705546405638297,-0.034321572564779697,-0.047255594585096546,-0.10385394166249881,-0.023001055859701674,-0.02512287342154609,-0.055309787718678158,-0.09843389062541337, 0.64884374221230801,-0.018403678013195222,-0.022473196860234156,-0.026998968784742759,-0.019603668753556003,0.037557089369323574,-0.031590634410278214,-0.017332557040383743,-0.15984300799652415, -0.1465710044703761,-0.025846466958188399,-0.038614065754913406,-0.06931067637347807,-0.071468512850504373, 0.13085291063605739,-0.22911460348577734,-0.029455932884007493,-0.022971400850408163,-0.052328582054056078,  1.5808003904504679,-0.03369490129950696,-0.040039445463944001,-0.051766519730936822,-0.027215763356850747,-0.061958269680566821,-0.027115128157830598,-0.020547364453655573
A*3402,-0.040550619103816105,-0.0052936710852699654,-0.021904424833976741,-0.020080278211375265,-0.0074931206640442526,-0.014193761918185683,-0.039110378678184239,-0.010568699481938578,-0.0071733232313140102,-0.0051513943526466334,-0.012883132567211197,-0.0053976968782133384,-0.0090043407166152372,-0.0065285198359179833,-0.0050872354119536681,-0.005091672002703415,-0.0055096173473574176,-0.025414260445460427,-0.060657437110808426,-0.0050562867384789222,-0.076489955589718023,-0.0051633837726476643,-0.0094192087366799324,-0.0053553290241157804,-0.0051403426089151293,-0.0095380775282996027,-0.013254098923897199,-0.030303691543861165,-0.0063403580437683066,-0.0069358262368681839,-0.01560188908449439,-0.028615160298598685,-0.037402362757824097,-0.0050562867384789222,-0.0061924974084898643,-0.0074638266484226713,-0.0053906404005081522,-0.010225976711516456,-0.0087619955945591483,-0.0096063130185983017,-0.048441091598359617, 0.20506190582456593,-0.0071393053079509081,-0.010763933458935383,-0.019744972285368003,-0.020390534761154395,-0.007714491189009241,-0.072634094687095932,-0.0081574210404413497,-0.0063320484639196291,-0.014729845063969065,-0.021215523382821844,-0.0093597266877556047,-0.011172621019766493, -0.0145658451093061,-0.0075249142644054625, 0.70238210046049532,-0.0074965624037431492,-0.0056539842753257664
A*3601,-0.022022508174519406,-0.0052758817740892741,-0.021832006055969778,-0.02001377213106802,-0.0074679948317781138,-0.014146480510017382,-0.038983205896259122,-0.010533367992199777,-0.0071492621414057898,-0.0051340807226120076,-0.012840161787836589,-0.0053795598573262446,-0.0089741924837856736,-0.0065066076162913437,-0.0050701363311606521,-0.0050745580849293993,-0.0054911063083810524,-0.025330523934862164,-0.060464189938717723,-0.0050392911607604115,-0.076249836490283635,-0.005146030052230386,-0.0093876843456636196,-0.0053373336103145989,-0.0051230659340542762,-0.0095061590456848449,-0.013209906919888879,-0.030204316608925832,-0.0063190734071781355,-0.0069125563100871108,-0.015549988718336169,-0.028521169212731186,-0.03728054450457971,-0.0050392911607604115,-0.0061717061013849958,-0.0074387983225218243,-0.005372526963859813,-0.010191779413088553,-0.0087326517655034689,-0.009574168352429498,-0.048284975577053114,-0.043883822338494985,-0.0071153575175516058,-0.010727956211187425,-0.019679555350385229,-0.020323021599479518,-0.0076886287165201092,-0.072405263313560717,-0.0081300856207336038,-0.0063107915481707055,-0.01468080368514308, 0.92631605552310803,-0.0093283995361397518,-0.011135292798988672,-0.014517341966876745,-0.0074996825935118999,-0.017501186149449743,-0.0074714251159461479,-0.0056349909104380369
A*6602,-0.039825509957699991,-0.0051957562391775685,-0.021505727144343411,-0.019714141904232926,-0.0073548201443168083,-0.013933484981562208,-0.038410071808215193,-0.010374215134578896,-0.0070408840062154776,-0.0050560979203528198,-0.012646589415751822,-0.0052978680374092604,-0.0088383916761480448,-0.0064079097503128221,-0.0049931199746405357,-0.0049974748947042343,-0.0054077296888662418,-0.024953231130722068,-0.059592980729554573,-0.0049627410372151803,-0.075167060372303515,-0.0050678666610674324,-0.0092456836783749476,-0.0052562796711118813,-0.005045249598072077,-0.0093623829024976572,-0.013010831951294016,-0.029756524852647126,-0.0062232026468198058,-0.0068077422464686713,-0.015316179761167663,-0.028097649455174574,-0.036731557109280673,-0.0049627410372151803,-0.0060780576544243944,-0.0073260628929034165,-0.0052909413811395179,-0.010037736520397458,-0.0086004749109949933,-0.0094293731956244277,-0.047581296744145442, 0.65181548446025828,-0.0070074897815412662,-0.01056589394004593,-0.019384833749890171,-0.020018852540618005,-0.0075721355100973097,-0.071373445727983972,-0.0080069568003321295,-0.0062150456628637342,-0.014459877694216037,-0.020829109383666007,-0.0091872874760990826,-0.010967143756728533,-0.014298841293168104,-0.0073860311145331082, 0.23926874121154951,-0.0073581988222547016,-0.0055494415986246876
A*6801,-0.21825576989232739,-0.091884973508847542,-0.29537723870001481,-0.27928768265122361, 0.64368106281255899,-0.21891345255034739,-0.43712875030203013,-0.17047545427973751,-0.12114716925601934,-0.089606621129240865,-0.20185395082724669,-0.093544907693619478,-0.14827154986484489,-0.11127915754057467,-0.088576188517244747,-0.088647505789631681,-0.095325334287648791,-0.34828306047440843,-0.0060669403947573959,-0.088078443308226104,  0.2015266223624424,-0.089798996623245655,-0.12885916917737283,-0.092869456924116661,-0.089429272394847617,-0.15594310265810565,-0.20673216750731913,  1.0905207893844482,-0.10836684365373535,-0.11753251909791369,  1.1175005052209146, 0.48785059276210835, 0.39540806830538627,-0.08807844330822609,-0.10606766391322141,-0.12553749397573899,-0.093432464365914861,-0.16568303106582799,-0.14475430868363856, -0.1569166093143769, 0.78875647003898108, -0.5184766148467107,-0.12063084088906864,-0.17318808650086709,-0.25000579916123766,-0.29364931963353463,-0.12929876472215238,  1.7293408553020413, 0.66436311545776616,-0.10823786986955669,-0.22575362356873549,-0.30295214896552347,-0.15339089915682164,-0.15113547146550829,-0.087506980458331121,0.083629219996605247,-0.23813654170177204, 0.70940493004300453,-0.097613577114845973
A*6802,-0.11509268356214253,-0.016014895240183635,-0.064207145104437979,-0.059056286738199515,-0.02257034300600308, 0.74911253264133748,-0.11126973980556569,-0.031644042752180537,-0.021620678439154672,-0.015588888495886693, 0.88294797739673936,-0.016326218757847927,-0.027042169545968955,-0.019702290782209735,-0.015396705488080229,-0.015409996548147885,-0.016661026750418733,-0.074026757693877454,-0.16680457661641032,-0.015303983573471109,-0.20557326449772773, 0.13952492038710315,-0.028265262956184277,-0.016199438034486913,-0.015555787682366226, -0.0286153479875083,-0.039480581459238474,-0.087513146834624383,-0.019141572214325896,-0.020914649865896893,-0.046268174627716742,-0.063909748245174841,-0.082700533720314259,-0.015303983573471109,-0.01870065976490784,-0.022483397792167376,-0.016305104516710873,-0.030638197556811415,-0.026326799942819216,-0.028816240333745458,-0.13574247253795244,-0.12424975908927072,-0.021519590491377905,-0.032216447383419174,-0.058105865424625723,-0.059934606683662961,-0.023227026505605319,-0.19627622514483725,-0.02453927444070534,-0.019116799945997555,-0.04375387971389922, 0.82255162732892773,-0.028090018958640633,-0.033413303481492622,-0.043280105633526668,-0.022664726030123261,-0.051883398634177541,-0.022580557389852113,-0.017092679758556141
A*6901,-0.041400232023126572,-0.0054085568928388715,-0.022371913576335584,-0.020509618298630572,-0.0076553772654606687,-0.014499040382487484,-0.010696943836058641,-0.010796843313066989,-0.0073287052967292458,-0.0052632085698058268,-0.013160588346015422,-0.0055148279186213508,-0.0091990230195956695,-0.0066700273114523624,-0.0051976642238165567,-0.0052021966212937873,-0.0056291634853057959,-0.025954761318842386,-0.061903757151683274,-0.0051660472000019785,-0.078038025408812731,-0.0052754568638792871,-0.0096227753644101133,-0.0054715456798703106,-0.0052519181961944023,-0.0097441883326898886,-0.013539437212575047,-0.030945056928366955,-0.0064778133202838201,-0.0070861000618571207,-0.015936978240535079,-0.029221803741336972,-0.038188440631175491,-0.0051660472000019785,-0.0063267673105574631,-0.0076254537034800875,-0.0055076191530372002,-0.010446798782615922,-0.0089514846664112708,-0.009813884010872841,-0.049448223449542805,-0.044945611787750708,-0.0072939558452843698,-0.01099624591518393,-0.020167284838632716,-0.020826372779071553,-0.0078815038605524156,-0.074109515701347967,-0.0083339435320593982,-0.0064693247506126149,-0.015046482609477361,-0.021668621288522233,-0.0095620199720052833,-0.011413654408508011,-0.014879008843798728,-0.0076878541996595207,-0.017935879070753304,-0.0076588929673608612, 0.95449048668025704
INTERCEPT,  1.2662239576178353,-0.80506631345410673, 0.63172096443571435,  0.5429522274294134,-0.45538684236406418, 0.19012223118373001,  1.2286283860945963,-0.10841139154931322, -0.4993338298131999,-0.83245761002998653,0.091927670611613527,-0.78550214109907457,-0.27016128923336985,-0.59416967248510977,-0.84505136737570052,-0.84417519630872218,-0.76486717679364435, 0.78385083883872764,  1.6890194685837168,-0.85118433143778804,  1.9367829781525419,-0.83011685205594354,-0.22470220563555554,-0.79342241837680272,-0.83461404265981964,-0.21204077727967077,  0.1206866692089177, 0.96471121868734178,-0.62359738080726013,-0.53323758983638514, 0.28611723622829532, 0.90567855762428562,  1.1822724565235183, -0.8511843314377866,-0.64734378007336602,-0.45934311841210118,-0.78681729147816681,-0.14171822504918072,-0.29768651084424785,-0.20484612281140802,    1.45176250331429,  1.3519509171375421,-0.50411886668594363,-0.089910735612329873, 0.52576757928492857, 0.55856774493794636,-0.42605693800174382,  1.8811905960934718,-0.36978107215143852,-0.62492044381704814, 0.22773301461554368, 0.59906842081513223,-0.23109978672630468,-0.052235591765816484, 0.21635380700801549,-0.45102206778340043, 0.40627425380049298,-0.45492324782936033, -0.7388571391524531
