,Cw*0102,Cw*0103,Cw*0116,Cw*0202,Cw*0205,Cw*0210,Cw*0214,Cw*0302,Cw*0303,Cw*0304,Cw*0305,Cw*0306,Cw*0401,Cw*0403,Cw*0404,Cw*0407,Cw*0408,Cw*0413,Cw*0414,Cw*0427,Cw*0501,Cw*0602,Cw*0604,Cw*0608,Cw*0609,Cw*0701,Cw*0702,Cw*0704,Cw*0705,Cw*0713,Cw*0716,Cw*0735,Cw*0801,Cw*0802,Cw*0803,Cw*0804,Cw*0813,Cw*1202,Cw*1203,Cw*1402,Cw*1403,Cw*1502,Cw*1503,Cw*1505,Cw*1507,Cw*1601,Cw*1602,Cw*1604,Cw*1608,Cw*1700,Cw*1800
A*01, 0.70972023106250959, 0.59144714439144808,-0.12464279390551357, 0.23507455440450711,-0.29766055413106235,-0.27680995179242274,-0.15732452456384832,  1.7574973507682723, 0.15952527234827837, -1.3784353087110279,-0.22492543889547906,-0.13052831588240671,-0.34603483696946646,-0.16457232760554402,-0.32024928834532584, 0.83157623404885228,-0.15211207510603245,-0.17328094544225772,-0.13012806337077173,-0.13244080979552994, 0.51390178068384451,  1.1347169300709676, 0.47026342189700487,-0.17221335803968255, -0.1243350089949391, 0.64804586363023009,-0.73831971932126694, 0.43182429278985163,-0.24400898967664847,-0.12393589286391063,-0.12850178142365332,-0.19728179480002297,-0.27392619246881411,0.098754126374283518,-0.13117413364964706, -1.1295384634594121,-0.15282948214297179,  1.5228425138771513, 0.24192811042496662,-0.88534535114757296, 0.21561832116171642, 0.16782915649656466,-0.13654684006583495,-0.15834725325693375,-0.13242544924633673,-0.23731282020205624, -0.2483447615022043, -0.1649066620889966,-0.13031422854564906,-0.09024189898178013,-0.12156998803542508
A*02, 0.87639639325116703,-0.41506006429330278, 0.30153639084875816,   0.201095152601309,-0.41282722907242581,0.057851998979062708,-0.40888987567064594,-0.54863669498539369,  1.0097974513886017,  0.2724847575443699,-0.076536056566209695,-0.36775972446302935,0.016748519469306163,-0.32475184126107015,-0.31463054592466771,-0.028700203378809051,-0.44188171950496058,-0.53043647605145117,-0.27472315467842728,-0.36209218423239575,  1.7242323001337396,-0.63697306842458046,-0.26284964871584315,-0.43813715006821735, 0.31695297180021387, 0.21028039484932248,  0.4357658655514432, 0.19012598568466213,-0.26952841001963729, 0.32692862767286068,-0.35370306622870945, 0.24996496652323749,-0.25121166811131224,0.0061022821551560231,-0.050433296874842506, 0.22118772483114429,-0.35140725706265086,-0.40944758687507915,-0.43242557950444971,  1.0802690434633639,  -0.582439743316015, 0.64225942675850922,-0.36430131470253457,-0.20649629164272959, -0.3558808517572426, 0.97851459152532738,  1.1647532901294633,-0.42575273519584733,-0.35031981922486477, 0.21202325243289352,-0.24703812978656073
A*03, 0.71428594584088123,-0.22662648434515817,-0.18370289014284133, -0.1945003714032072,-0.23337782639051835,-0.88740089974495251,-0.20382880741629211,-0.84289400242938783,  1.1226709432620796, 0.20414169711484664,-0.21897441062091669,-0.18944075294011709,  0.8093266523667928,-0.22058470156342283, -0.4718986523747411,-0.61937756405556421,-0.24989539898628813,-0.22998579515198689,-0.18652054354875422,-0.19442562367696908, 0.58467711504834297, 0.16752014189672942, 0.28360875345999054,-0.23977081754264842,-0.16977523773660774,-0.19472482829782403, 0.98160677233812499,0.072451499778228262,-0.43047987399572085,-0.18095643961707922,-0.18907524335458167, 0.22108384492429517, -0.2081281838124992,0.065482227019852679,-0.17741312041886026, 0.65032897820263036,-0.17912426282644675, 0.38125594783295091,-0.03291728035127256,-0.052924222997820847,  1.0411562805194621,-0.047930509927325823,-0.18267089354741564,-0.54889312002344137,-0.17704831503734808, 0.29743242929551311,-0.32896456587816342,   0.191530535020558, -0.1744287145490582, 0.43045524932044027, 0.64964534146353026
A*11, 0.95031554700397458,-0.069841560176448436,-0.048590318334585103,-0.88718222808915403,-0.067091944088432026,-0.80745995463181719,-0.062049338068179902,-0.53686196280679843,  1.7453451360909209,-0.13099691642099573,-0.12804507651175431,-0.053051220665084539, 0.89328337343903075,-0.067174921108771948,-0.22989404420022569,-0.18760521153934645,-0.080611747646695181,-0.064241290962324726,-0.057624479346175164,-0.051969067482398358, 0.44711098346062961,-0.79450050951836138,-0.06744987013590216,-0.098145739876821153,-0.049039428831982146, 0.54029834791051623,  1.0224691292302825, 0.17134416789397455,-0.15664011932600411,-0.054740596605701991,-0.05044030114221796,-0.070036107560782407, 0.62714796975133147,-0.58935797777603194,-0.053000455285630584,-0.55466415138453018,-0.053305184254146404,  1.0750357882897579,0.043708640411952451, 0.16947546245620981,-0.22221183720404114,  1.3873040765927873,  0.8407474336905757,-0.81382378381176157,-0.059237700045480721, -1.9929101263128046,-0.17148038419829104,-0.075798993846168464,-0.059774469354782034,-0.30487009354866862,-0.091866944122646302
A*20,-0.0014348474397171843,-0.00026329492290916474,-0.00019458354005865057,-0.0044380511987048071,-0.00026048824414882975,-0.00095403508803704976,-0.00059251447420742727,-0.0010248589557917468,-0.00089178677907727989,-0.0074483671582863753,-0.00033800763222829942,-0.00022241453924167189,-0.01901013656057025,-0.00028868817808906601,-0.00045352903214712187,-0.022467819865153643,-0.00025742782466443685,-0.00027943636669402902,-0.00021642107123709796,-0.00021016562074569899,-0.0016711542727787596,-0.20441792185665605,-0.00029668154999647656,-0.00028270448581820429,-0.00048453915126244796,-0.0080769288409204935,-0.0020951136222887505,-0.0010053345224056683,-0.0003848308602023692,-0.00020280691749754889,-0.00020322719427735619,-0.00030374316606404048,-0.00044433009058448132,0.0044406538561211064,-0.00022680609552241384,-0.0035447354688035466,-0.00022882246172301412,-0.0014601101997686161,-0.0023431986782158853,-0.0010479607591258122,-0.00044414956207860449,-0.00095146710150788012,-0.0002238800649826192,-0.00561072296028612,-0.00021856425171388956, 0.30442266403128337,-0.00030738209547172073,-0.00027683699664388437,-0.00021132351796756762,-0.007743606433390636,-0.0029075602177398665
A*23,-0.33803834398403027,-0.12262932264766389,-0.21328672505284826,  0.8670796680065509,  1.3771691003753059, 0.73363205911792895,-0.23766809263880395, 0.93655516178070342, -1.2598093219163295,0.030647244271513146,-0.29350834095450301,-0.20318392444810496, 0.34069049080531788,-0.25157768234258571, 0.16911271229331026,0.017848423021666067,-0.21192158773607278,-0.29407513282622172,-0.20188952408008765,-0.22509330141702791, 0.63109277140754028,  0.8901663697471025,-0.23973726289865971,-0.23962480153345009, -0.2007594644343477,-0.064063591652444435, 0.51112745088732214,-0.65603257592213871, 0.33782163989701808,-0.19375412265313174, 0.31326654120390873,-0.27540127955056687,-0.81388883889827901,  1.2945396805592773,-0.20019113383748235,-0.24085305169992671,-0.19180550525388018, 0.27127929783521809, 0.14507663332701184,-0.33498202645886804,-0.34370435743793598,-0.90388542935663541,-0.20312792023192425, 0.44398397033006853,-0.19552997957145679, 0.27620476853366155,-0.32781389611838851,-0.25020627957380404,-0.19790978640221063,0.066494985301632295, 0.27216363482778849
A*24, 0.34947618051864027,-0.12309881951303783,-0.09188696189898507,-0.27512871240604714,-0.11519797565848146,  -1.163928687807078,-0.12507070632941847,-0.87034060136630476,  1.8342258852301969,-0.25244702795576174,  1.1376405154167373,-0.095593571307345276, 0.31605540926657477,-0.11929889505917007,  0.3835480414446138, -0.6462820563972711,-0.14120490073332553,-0.11295164089365776,-0.10227339275529181,-0.097910598871732035, 0.24843469673881466,-0.093252342773523705,-0.12274254729862567,-0.019716768377469794,-0.10124670767446113,-0.097156740793164401,  1.8027924354610061, 0.75337017384959037, -0.2650658099438058,-0.098060326165179956,-0.095094133777898632,-0.12916205114533205,   1.771863929793126,-0.59917170745749415,-0.095107622466040334,-0.82359596527522339,-0.099686452868365527, 0.17349253448392818,-0.55478041497550235, 0.44583576343886999,-0.45565560809948075, 0.80712285206659273,-0.10567648135184257, -1.1314828413219944,-0.10628169755667222,  -0.907883461788352,-0.24342917374840922, 0.68545263130581746,-0.067282166720532138,0.017240761130352517,-0.18240623961258304
A*25, 0.18133879279321277,-0.013462517316735983,-0.01027820329873204,-0.35914174281737993,-0.016475036771152907,-0.22799097365029589,-0.012853461325254967,-0.098370765203495719,-0.45921232799578904,  0.5518511982675095,-0.02196452771469826,-0.01086757590341355,  -1.119975336780122,-0.013965833454126265,-0.030745637353545081,-0.05937053475940432,-0.012254530882550938,-0.013174031708782338,-0.010608513992352639,-0.01095505429899594, 0.33034670701350599, 0.67873186508533268,-0.01381209725630057,-0.013533844247710329,-0.010230402319999042,-0.045235596375219574,-0.30275771324593675,-0.87504655368088191,-0.01831303862234121,-0.010050917258265136,-0.010656531291440457,-0.014561805074435698,-0.037583353699170589,-0.12047458540980963,-0.011055236541283162,-0.11845663512924497,-0.011179414644804857,-0.040068278816800418,  3.3884144846456716,-0.16643796883040229,-0.30032158214629551,-0.089381815407632709,-0.010915167674054536,-0.12327048978695127,-0.011492536721332783,-0.013982543211348279,-0.015667877488316228,-0.013458369993489592,-0.010328914859267516,-0.078777524768441007,-0.14196564807722784
A*26, 0.54409523009976402,-0.081436359774054667,-0.053948392793540127,0.068478129865850682,-0.11431360101007509, 0.94731738757466488,-0.071623386069197548,-0.71029747955884048,-0.85814017178638291,  1.0559574138178383,  -0.101034043275366,-0.063156899013581971,-0.83480971345413224,-0.081031489219913586,-0.01498816726566465,-0.23483959001692187,-0.077746169960115477,-0.11023229259174912,-0.061094054957549354,-0.057620830222433146, -0.1984770142712915,-0.47356207373062303,-0.076050869015412775,  1.4175536266390341,-0.055594274187414215, -0.4066829768660799,-0.028942663214973883,-0.07612085423220924,-0.13359782424551256,-0.057820838973484501,-0.055952647944657645,-0.098800855637246984,  1.2727968249841524, 0.37048059119747506,-0.059877480023544941, -0.6474306173271942,-0.060771422729260345, 0.10013837892967532, 0.47330146365961245,-0.27966154269700494, 0.74341958581675904,-0.63306037428738426,-0.066119678091160566,-0.58171148635716929,-0.058687335879481536,-0.21432447344427885,  1.3230508889392822,-0.085485033091444312,-0.063009148625175884,-0.44643879109142021,0.067903395408835873
A*29,-0.64629010361785311,-0.10622841771961031,-0.052481514046797489,0.089876752575295968,-0.04959716157130236,-0.32954334277215264,-0.10124927864484325,-0.83518414863738999,-0.76005861731869473,-0.26850687805465856, -0.1324524291937878,-0.088623674497214769,-0.32314783802682101,-0.11938706913421235,-0.16899451262037915, 0.37746133566560014,  1.4365462734438768,-0.12593693573004164,-0.088971727092266167, 0.50056755732332803, -1.3450733264146033,  1.2024578327150055,-0.10693471205493721,-0.10671269212472662,-0.083994916968847491,  1.0976530705563787,-0.077333596243395142,-0.28246422295856971,-0.18600341043325724,-0.085393546833460093,-0.093693827959858048,-0.12616540754689737,-0.39803557483108359,  1.1193855752728945,-0.088259351825520957,  0.2064991506382958,-0.094617161774311204, 0.31459020397679138,-0.26310216180356938,-0.19343858189975346,-0.22197705805313658, -0.3750853791624138,-0.088015136737038868, 0.95570959541604472,-0.08602329637587558,  1.6710406046632968,-0.13210257457628016,-0.10759161021367525,-0.083510742191802476,-0.42917622052388354, 0.27957020593811938
A*30,-0.43319475234188498,  0.3177564437692324,-0.23037611965996393,0.046480173214584822,-0.32605403305482805, 0.24029478733575468, 0.88986755226707093, 0.33540817012435004,  0.3470561621907865, 0.42812518366236363,-0.34054109920972297,-0.23945258614426171, 0.29072181133432562,-0.29579687721894404,-0.39807779323883608, 0.14189672354298311, -0.3033476108545321,-0.32426116041647157,-0.23812837128596082, -0.2432995569136458, 0.24841408261832224,-0.032609134658940268,-0.013003225001493191, -0.3117204776868932,-0.22790468893518825, 0.33441144131566353,-0.033817142928502832, 0.34411184012121881, 0.49949837177573697,-0.23012791896608642,-0.23705224989975379,-0.075496495645732256,-0.26831641941514051, 0.79933953824955262,-0.23160097725566764,-0.20693870223633232,-0.23742387879698515,-0.85897181498686548,-0.10937358812430358,-0.011892763027525149, -0.2284235331016829,-0.77332365099127398,-0.23802600906193358, 0.97208235668724297, -0.2200294638502911, 0.44258696027194011,-0.40207581733447451,-0.28198540264246341, 0.49432886553066863, 0.84621553817736783, 0.58404731269740306
A*31,-0.18711222804091199,-0.053072257839158095,-0.040327666989987562,-0.82727799557035442,-0.052397536168149149,-0.24079696851603211,-0.051656719361630639,-0.053530654970651022, 0.80582992333977954,  1.1649000181962648, 0.74980119966002434,-0.04399084170540999,0.051291826567606329,-0.05489324307778394, 0.58069036562917331,-0.18917115744141372,-0.055866256000156038,-0.053059517953227366,-0.045078967980602021,-0.04313374593702516, 0.68309716756883088,-0.27166271693463911,-0.057271875849692552,-0.074091916803285626,-0.04069777816970685, 0.52254196264476904,0.086965466201564992, 0.46449811648569939,-0.096894850015609796,-0.041655066562053679,-0.041858756434991387,-0.057555139493994857, -0.1525117899149917,-0.59797924655001899,-0.043625415385742369, 0.75506699076811801,-0.044113301027043951, 0.39472528398074125,-0.78103335938523444, 0.68708390723275869,-0.25723148225263848,  1.4857585769308528,-0.054719722802248613,-0.73943424486586462,-0.048400515414927466, -1.4000200773939377,-0.16580863429055845,-0.065974030061186184,-0.05232616525661242, 0.17325847844858558, -1.5292774412372958
A*32, 0.80053802053730538,-0.061637495173084089,-0.046171980955040944, 0.76824231845856572,-0.069464865047325117,-0.034779618526911305,-0.057848933303364991, 0.16111125574882237, 0.40549277764381103, 0.11328915397722145,-0.12024634094774156,-0.051418202959880088,-0.046544332428851497,-0.064785998588918536,-0.18309723042820797, 0.21865857868888414,-0.061824787880076011,-0.077906983110540118,-0.049448184961252389,-0.049255402395628235, 0.76147359299186479,-0.012149376321319322,-0.064351136468349501,-0.065205055376874904,-0.046169790649088112, -0.5675565710162811,-0.97357125171198644, -0.4251061569654348,-0.10463451261365178,-0.047139591701237597,-0.047788514525798076,-0.073932853948209601,-0.18185854917861125, 0.89702563599684071,-0.049796560792228953,0.049570838400056008, 0.82865966454636841,-0.14053860624945119,-0.064798988554010145,-0.044450967670546453,-0.36594490649716405, 0.97488302273426763,-0.050511274014124891, 0.18421164742755153,-0.055109941738473237, 0.60064588801778895,-0.085828593924050553,-0.062596676196526313,-0.048063331346608819,-0.13926862073518856, -2.0730002102673071
A*33,  -1.079099173116318,-0.17335554664220787,-0.14426550624279336, 0.30569263004763697, -0.1748555501016654,-0.30657388375499134,0.038931111083444603,  1.4819801343914261,-0.15918729643313309, 0.11902138424134102, -0.2265631738591283,-0.14611056650143558, 0.37844569361510427,-0.19277154637666705,-0.34522538449685303, -0.1876898989082757,-0.18575560687880946,  1.7562113763122027, 0.58972149898098103,-0.15296112028722572,-0.13732628624770798, -0.6426324512783349,-0.18489250458536594, -0.1717147371799819,-0.13316868802986614,-0.30745593359587142,-0.027693937336811119,-0.52345056615280949, 0.16535901274470402,-0.13830259449856444, -0.1486522769021649,-0.19624313669146787,-0.36971951080103849, 0.46604944646554358,-0.14005032690380542,-0.40950029487340439,-0.14391725175492884,-0.51939019688452204, -1.2380238514862878,  2.2892774652299739, 0.54796894595519074,-0.74952239596976078,-0.14272175180285523, 0.81709773411656916,-0.13785465345650183, 0.65604067474468564,-0.24696720758563948,-0.17609283912446932,-0.13602472468850055, 0.91751709551776861,-0.03358183201639578
A*34, -0.7065522082411585,-0.10665785301603124, -0.0836648296152155,-0.20100074012571284,-0.11167253753619601, 0.51941469027098419,-0.097926112493098627,-0.11760391288985131,-0.76260310517076291, -0.6673778419481512,-0.15203711468888584, 0.21013886238284374,  1.0135390927502563,-0.076259202638632478,  1.8185997673003331,-0.45593526368238485,-0.11063252368937351,-0.12167558299301257,-0.088249613383891964,-0.088818455278620936,-0.61340849838715783, 0.53263229000757195,-0.10326144396831423,-0.10544768737649046,-0.073481570571444055,-0.057167324893029586,-0.091034064622117009, -1.0424203801736054, 0.45846522731604661,-0.083616313524832772,-0.086496656315192114,-0.11484294040290288, 0.33720061680932495, 0.12548331715496888, 0.43471289181441214,  1.2963717935051955,-0.089716394656294648, 0.15395082672182309,-0.16119478756337566,-0.29656842492063495,-0.11482659170285717,-0.56647841222781381,-0.095196850419542192,-0.40999609559211242,-0.086602048586305103, 0.80244005193646339, -0.2140531468440274,-0.11638880060913807,-0.090734830189590734,  1.0034410065493176,-0.14479027358180102
A*36,-0.32635250061441695,-0.042478054977819847,-0.035428452484833783, 0.64633860763885009,-0.042945932061370373, 0.21575004616130239,-0.040988561988844222,-0.032094718444425352,-0.36174083749309932,-0.13724010376797127,-0.065308943598297711,-0.037350573407676758,  1.4403694040724355,-0.053935422495781413,-0.096790247615078012,  0.5120861051550879,-0.043971889753369825,-0.065884570600689363,-0.034779480886539545,-0.037841531091088468,-0.52010286602963918,-0.70723624595160095,-0.044530400916186715,-0.042600995198655005,-0.032522492821373608, 0.85273818408346702,-0.37865251966472652,-0.069922199162893078,-0.073584921626787883,-0.03320467049970087,-0.03664683383432215,-0.048985966934905686,-0.17757719489286122,  0.1963871794374443,-0.034990840921909835,-0.33679810352738754,-0.03782625651855779,-0.35984918176224112,  0.4157193678505744,0.047770401768927655,-0.12350480797346229,-0.31440908666605955,-0.035592304632865758,-0.098620132206366257,-0.035038401721467265, 0.51108919656288665,-0.063157526426082772,-0.043323811359375332,-0.03376795056806349,-0.21445469457358718, 0.51378373494141272
A*43,-0.089987780341499637,-0.0075740831722595084,-0.0075315849770059744,-0.68068564262650966,-0.010091639967098944,0.041308390862796592,-0.0067347392840061545,-0.34097812908811626, 0.36829500632695911,-0.83613137093325918,-0.0098088466589292631,-0.0065177112247236562,-0.40960020777053352,-0.0073881901907286267,-0.011967970052343926,-0.046729851940172235,-0.0069054250293078484,-0.0068670009239629242,-0.005808935741330225,-0.0080230662530056032,-0.23291931460102552, 0.74100292656554168,-0.0092163508525646802,-0.0072957378981394795,-0.0055446552144122275,-0.66462554818725417,-0.026987332687681779,-0.098923308618456079,-0.012592962055576615,-0.0055305085405127092,-0.0077448767521918734,-0.0077299947402390112,-0.065031892081670706, -1.1746084094351561,-0.0060005322918951411,   1.812179254271771,-0.006067945838695952,-0.02600359596686978,-0.14561514531978006,-0.34354094922178907,-0.059605549477733152,-0.0049925820609606321,-0.0059591139270464086,-0.035801901604687658,-0.0057473251930333542,-0.28886991538728818,-0.010280321982820782,-0.0077862672535431521,-0.0056217167148180933,-0.38579531923432137,  3.1929856712878872
A*66,0.010901930393792076,-0.073388572371942642,-0.06454137352406264, -0.1763358411845026,-0.075688558787142785,-0.13022376618949438,-0.070043517400126251,-0.62159881552646057,-0.57118894951625476,-0.27330703123756839, -0.1261350808790857,-0.071314596084681714, 0.27537257282861538,-0.078509069970732967,-0.16814067939938651,-0.36665246137563995,-0.074681052547473495,-0.088787104013105619,-0.060635034467298579,-0.068681035635837148, -1.0761050540931829,  0.9415301705980641,-0.074588059019879333,-0.075471355049173017,-0.057217101519548008, 0.68065519006934128, 0.58846463491050072,-0.31225827133582679,-0.12267410619020289,-0.057615937611487693,-0.066653448693576076,-0.082785265392040369,-0.33041210330339676,-0.46014161391618785,-0.060465006031210945,-0.090737120847776728,-0.06165501641904602,-0.26973996687719731,  1.0326988962237733, -0.3026030716910626, 0.27019818979971599, -0.5150265664007796,-0.063556756306809889,  1.9844430099646697,-0.062020939655022103, 0.45755151250919712,-0.12452235473668266,-0.058597146397987597,-0.060376974429915735,  0.2468395631953838,  1.0564201055357427
A*68, 0.10862508135504939,-0.21890034850522716,-0.19995292663503356,0.082649377035408172, -0.1879128720948397,-0.26939066067840289,-0.21079868789652317, 0.60379381575557967,-0.77563091220615954,  1.7493398257142876,-0.28320817593511982,-0.19821347164225497, 0.53485356606837331, 0.38516181931640098,-0.37349754100860622, 0.16995591882632619,-0.22614018400809335,-0.29240101033044807,-0.18749237665653617,-0.21126034355476381, 0.85940857363381395, 0.77734204958378261,-0.22972225523004242,-0.23035052362388134,-0.17693929624550064,-0.13856905822243687, 0.34068084981375851,  0.8918980234162428,-0.34944804722182571,-0.17830038726071076,0.048883949795982984, 0.29943262789459385,-0.72692152532257337,-0.023708595924979117,-0.18624690369703165, 0.35910830808118305,-0.19076356305953687,-0.77332438950706994, 0.35817396116664574,-0.83630269726305484,-0.17939932498508301, 0.14247401475231775,-0.20241246976926275,-0.43988536083401436, 0.59981425263984878,-0.046506258904406746,-0.36041849719363422, 0.13079910037403827,-0.19356115668365428,  0.3218162053061594, 0.33336850157091119
A*69,-0.12866881981162184,-0.0033678864919191765,-0.0041060181009246908,-0.45037039751195385,-0.0032342844520773539,-0.67255961094026406,-0.0033677788578611425,-0.068795231115403824, 0.16636634992811525,-0.052864109041162552,-0.0042839622548900037,-0.0029184664924649601,-0.47858534293523158,-0.0036914175946735467,-0.0052019975737329612,-0.031232736144962515,-0.0032394476443822029,-0.0036840414331467614,-0.0028472532057612636,-0.0043643867681026965,-0.16845123925035835,-0.019389624009474828,-0.0036032325438299087,-0.0038033704241176389,-0.0027889040119310859, 0.52307214680658487,-0.027025666932171642,  2.3185019041388508,-0.0044302679580045905,-0.0026998449187430498,-0.0042131969912389822,-0.0037396893792491421,-0.041346355874685221,-0.03301580955508162,-0.0029772982024414206,-0.12867746146025152,-0.003018330914642986,-0.013360171904416598,-0.089582787668925454,-0.24050148756414902,-0.041801299336944556,-0.015809638129388466,-0.0029622571090980941,-0.015972892308264524,-0.0028353713112838539,-0.10123458743814522,-0.0053818583941431129,-0.0035281528566129196,-0.0027961926256799578,-0.040631607584963175,-0.054978615844777513
A*74, 0.17075244184146152,-0.14379574950083071,-0.12564804258310266,  1.5110121110791488,-0.12059992124516301,  1.3757895283441888,-0.13273092812904597, 0.52989489344181395,-0.95254320914903445,-0.22552716516528962,-0.17481728044267456,  0.4632515088365976, 0.44112105943901664,-0.14503006108987337,-0.30044258618235914, 0.36802527688710129,-0.16283174923139379,-0.17587121450091558,-0.11961164451320408, 0.14847939340495328,-0.61222149668111958,0.032611860649629024, -0.1402079054336173,-0.069482421803022484,-0.11067811779126555, 0.68740868390360987,-0.91050027169277103, 0.10891145393690575, 0.28030237462083585,-0.11614077608268737, -0.1292612780659026,-0.15090398960498153,-0.13320600956008297, 0.28794590582730023, -0.1134474376168618, 0.43215413708825146,-0.11873396887374033,-0.61842183318473654, -0.2751379798417935,-0.19597976075364046,   0.275344022339023,-0.62381472853543096,-0.11543795661477164,  1.0043043433793464,-0.11039965669514443, 0.22198725026366881,-0.20793955972955333,-0.13967448961555476,-0.10972349127674443, 0.46776339492859614, -1.0262969590251432
A*80,  -0.171376706808989,-0.02533049741177356,-0.018814764192425164,  1.5601095724531446,-0.025336000520106948,  1.7056503894202031,-0.026079738972296589, 0.56278647455093389,-0.24420261406604088, 0.40045012756367221,-0.034222282792292363,-0.022464313593530832,-0.44390462060991248, 0.88569942184826012,-0.04693494709458966, 0.43701633678386365,-0.025746770616956155,0.015747690556753912,-0.02080857626143974,-0.020151472612640352,  -1.197186278352397,-0.38165160406449461,-0.027040695576686129,-0.026055565125653386,-0.021163892782627609,-0.22014599941689245,-0.51936554559495507,-0.76987788682617064,-0.042020554832531601,-0.019781189476187865,-0.019551119567750269,-0.028939158587645179,-0.054331371338573652, -0.4651212938775835,-0.021271530164779551, 0.10141523089789256,-0.021798672556293617,-0.26976749215830287,-0.16957688337722282,-0.18947985158235334,-0.16648516804329666,  0.5353199183291939,-0.021486411240165738,-0.088626043779177363,-0.020399277728911796, 0.33030506646146307,-0.03551722433199582,-0.026522341361094215,-0.020357154541125622,-0.81208454243349204, 0.24647782540597282
B*07,-0.17765428917433521,-0.13370570371347471,-0.095388003161216164, -1.5526343951582042,-0.16678113703101163,-0.56283540701085144,-0.13533671611662174,-0.31886686975342682,-0.21193755077722076, 0.24170683803529741,-0.15472990131612432,-0.10177323249717432,-0.14734798465570106,-0.13625194375302666,-0.23012412022040607,-0.39103040802154893,-0.11942811175413287,    -0.1376404805973,-0.099535981124896644,-0.094827126063830328,-0.54923347146756241, -1.1494298715860749,-0.14154098662016043,  -0.120937135612127,-0.10265440022778081,  1.3416848082536561,  5.2925768701507083,-0.59826812627945214,-0.19210436242668083,-0.10038821366863708,-0.10047441077697827, -0.1608660636438517,-0.20206580870358282,-0.85518376303025656,-0.10644908672433626,-0.79074000502560471,-0.11338174196825197,-0.43493195830976583,-0.41826819354324996,0.017762045003152819,-0.23445292061594314,  1.0901476409887709,-0.099081461267143109,  4.4008966740271998,-0.10964844846200297,-0.76833332832146373,-0.18601972600958175,-0.13141357312340826,-0.10239899313336291,-0.32146609594458214, 0.67278663193357924
B*08,  1.1575191971852419, 0.69572999961616955,-0.075381274486897382, -1.0212477563129176,  1.9091916861730638, 0.59077592345417063,-0.12098480945485282,-0.84020164383311025,-0.082244983815514081,  3.4994707167592556,-0.12460014843165519,-0.081461392712491754, -1.5505629381459047,-0.10254106582440795,-0.18471283028868873,-0.37082059207327761,-0.091559130210977072,-0.11238838376406557,-0.081001336892742859,-0.065278466084837283, 0.07353647559546149, -1.8753023816391172,-0.13184664187471853,-0.11823550012147586, -0.0809882268737043,  3.0956706229694135,  3.0705709133741022, 0.84312772961738347,-0.16325727713498825,-0.079148649738956522,-0.080243553203957776,-0.12115434813874743,-0.20118876287977333, -1.1319382451426687,-0.085509724539822973,0.029715104158112116,-0.084001971232846306,-0.52305682545211252, -1.0336173774638826,0.052922891562702148,-0.21278008131803841,-0.41792557524126439,-0.081094606872779154,-0.67541097246658821,-0.080615032686671376,-0.64805921230794739,-0.16039956902332669,-0.10270725706440542,-0.087887263042530861,  -1.013672682065931, -0.9232027706064706
B*13, -0.5132811185907733,-0.045832403780321385,-0.037467526164629124, -0.8480224798048428,-0.041855695470912599,-0.22175910359294096,-0.056728352292370963, 0.93118241812069724,-0.44985528531415292, -0.1940884185366491,-0.061447121752372873,-0.034223923264541899, 0.16412584564274879, 0.84431723247712664,-0.082840444355506859,-0.14855432077441094,-0.053384472127124341,-0.062454964707005713,-0.036808191179371487,-0.034561959880340665,-0.081170826191349355,  3.3944976362758355,-0.048232493774067159,-0.041448177259229953,-0.040407130186244401, -1.0521878145721646,-0.65142383111549551,-0.27517888656958445,-0.071204791839105205,-0.039536110084238074,-0.031306822072468717,-0.062209049002487131,-0.090277466679770463,  1.0468185366272476,-0.03872180441275392,  2.2187821610204148,-0.034511211473404121,-0.12559877489013896,-0.49183632386088072,-0.38472650579587514,-0.083014388373167672,-0.25600509016395268,-0.03445586333684536, -0.4509296585788844,-0.034846189574001873, -1.1863918936627853,-0.094430972038017313,-0.044972587748531703,-0.038920983499616972,-0.70686221131027116, 0.81424980948952685
B*14,-0.63617284241922878,-0.069941268550521241,-0.05247626792679163,  1.3954910662567692,-0.076228807596000106, 0.31551717398192569,-0.081652213726783995,-0.51177531681835464,-0.58651486293556254,-0.57077166593314643,-0.099915157608324395,-0.055702719745300583,-0.42225233455323535,-0.075742097410379752,-0.11798008566243384,-0.21375103112348526,-0.061806644578219078,-0.10529598306030323,-0.058681277208801827,-0.051211244857185145,-0.67518974989225022,-0.73483686773340517, 0.81393337511578334,-0.066941120672834822,-0.05666099369832258, -1.0320794832483855,-0.88189678601290555,-0.41268611419952189, 0.74048518463231927, -0.0553354078515228,-0.052098904217317318,-0.091777472045564717,-0.15229212943769038,  5.1579201438805979,-0.057500807899432911,  2.9080921209303878,-0.057364345533795089,-0.21610096222811376,-0.68468378156766685, 0.53752302779875949,-0.14074789797194806,-0.37301174554253375,-0.054662491682346194,-0.53271877612770269,-0.060189462673439609,-0.82153309132069052,-0.10834789067102508,-0.077059879993069083,-0.058329941427035147, -0.9081165349778062, 0.34107236774383992
B*15,-0.13261441192500767,-0.47760737661414554, 0.25473931978913583,  1.8696943419655392,-0.58085131477612739,  4.3124820649933504,-0.50855558351831831,  1.1503366590498005,  1.6935872505849485,     2.6078674636159,-0.57576738123829285,-0.41497907534359824,  0.2373042042582415,-0.50543196556223469,-0.73358389251262457, 0.78562395535615903,-0.47498529262558753,-0.57453467634692534,-0.41061228181400139, 0.24846000510051322, 0.96283607079197109, -2.5342534116993871,-0.48140950414432193,-0.46640775230445136,-0.41399062950492804, -1.0163789941549031, -1.5211713003661129, 0.59135952590895813, -0.6659774390344021,-0.40684686241675916, 0.23961270094877449,-0.58221326534590667,  1.8055600979072763,  -1.269391701458308,-0.42115239231834845,   1.346953207483405,-0.40533534205274191,-0.25487201899767536, 0.28279424929720864,  2.9827781599421503,-0.77386830352710179,-0.57193022984619779,-0.39681090792183182, -1.3984116762547016,-0.43140903961073357, 0.32082618635345295,-0.12939359618609242,-0.50077654815209005,-0.40851929329409248, -1.0144334574373033,-0.23833854504150473
B*18,-0.89902493692450858,-0.13241451365800955,-0.098357126326108102,  2.4189330105420699,-0.14634181977374638, 0.98055515372932911,-0.16390956110973603, 0.32553676276934951,-0.84116161212555141, -1.3492871280773857,-0.16475616290899456,-0.10302271357450306,-0.61716233914873375,-0.14508768615432335,-0.21546433709578483,-0.36529460250035783,-0.11600631924914541,-0.17574910908930697,-0.10727078649954322,-0.095895002092316842,  3.8136994467348568, -1.7217138311395637,-0.13958686692082492,-0.13083878548935907,-0.10570917406098364,   1.004477347306121,-0.072126978166970515,  3.9990522340057049,-0.20874973382102358,-0.10334415878403878,-0.097661427794350011,-0.16380629212243289, -0.2516532359930459,-0.85850973040319578,-0.10815771356578238,-0.79746479997710473,-0.10154763929132436,-0.36894342562184912,  1.6000485667271132, 0.19204232593196208,-0.24065046437501425,-0.55831033222586113,-0.10791364568674774,-0.022551282479772963,-0.10695060809987424,  -1.271667045737966,-0.20081523539630136,-0.13380517895974881,-0.11521669570310811,-0.34568896125279441,-0.26475584836941352
B*27,  2.9245199813676552, -0.0747121419567323,-0.05525034294407654,  3.1486927828421645,-0.066382385097441599, 0.40974850543839103,-0.086348682447997455,-0.41146737060795019,-0.18371939792564407, 0.53012262885070904,-0.10375228654404679,-0.053503287613405753, -1.3757828724793422,-0.070943807900368111,-0.12200784201170538,-0.20793861943660225,-0.05983934409954398,-0.070825496420869424,-0.053802916293824617,-0.050265681145545346, 0.46276491569147238, -1.2732249600665975,-0.080212621291996036,  1.5909073429706566,-0.059537746061569634,-0.13908334004181416,-0.086757165056689664,-0.41979801206958695,-0.10618184978152338,-0.058171549632980005,-0.050051947695626452,-0.089260292269212518,-0.17241829744342704, 0.10013703143494102,-0.058839339383981025,-0.55424935493873839,-0.056096195515218737, 0.42252226850280378,-0.18139419789888561,-0.40139824107738858,-0.14211064504789758, 0.97972203027700477,-0.06287597794322429,-0.46737188706407606,-0.055332221208784949,  -1.149795596888423,-0.13306318746680623,-0.074623184729011527, -0.0608046748392723,-0.88105679804612802, -0.7088857289918421
B*35,  -0.215285707378088, 0.57088673554173919,-0.15826926104345981,-0.94848661701116588,-0.22110599341209514,-0.77309412954776657, -0.2206641276245444,-0.91033967680412287,-0.17229325335938439,-0.71298436671473209,-0.27379546983253306,-0.12910771103331242,  3.3280330492266192,-0.20108828616952071,  1.4949190146484921,-0.49893869971282367,   1.231388391180104,-0.24285625246776971, 0.50645546959727883,-0.15185953932826549, -1.2766603824120957, 0.68601626922388237,-0.21466138028125034,-0.19911526491589415, -0.1695871426794692, 0.24304977182961665,-0.83132043128199928, -0.8144734388669792,  1.9574437197986687, 0.62775459420222901,-0.15001959683167118,-0.25270119553492099,  0.2150996035295627,  0.3498699546778925,-0.15959846010292045, -1.1003526539752282,-0.16086709492889406,0.023458026880689823, 0.58793482250845608, 0.37907022330307732,-0.22221558853236351,-0.30133193823673898,-0.16275431979754273,-0.57613601274858806,-0.16073570350681773,  2.0153679854056405, 0.31259263091838108,-0.21326387493794979,-0.16600955173459556,-0.99594573051618462,-0.57142140921064311
B*37,-0.31164221833730882,-0.026590942853961401,-0.017942020144061554,  2.4288043359077696,-0.021502351443183819,-0.11368409537622179, 0.94127919312305286,-0.30560049795157979, -0.2642631199754783,-0.41048646117695647,-0.035269020315082361,-0.018197319585083367,-0.76980874412390199,-0.023461878462358112,-0.039109184499769988,-0.088076170193232911,-0.020463308740968619,-0.058897053057751399,-0.023307200062221752,-0.017059932749363398, 0.39607732341817659,  2.9545904674716073, 0.89389979488607996,-0.029441436562683308,-0.019367947694530686, -1.0092440929535855,-0.40267754436969305,-0.14826121565534534,-0.034949647683668192,-0.018898730105289887,-0.016652476117059854,-0.028411502105011227,-0.065524856733908524,-0.36003795582975301,-0.019539802564542297,-0.17636248841871746,-0.019137694750847062,-0.13204137563538484,-0.35625933579506797, -0.3220153421713326,-0.057358211047331437,-0.15499772115269891,-0.019293325719224787,-0.22563726465894102,-0.017912114488469029,-0.65343047534460663,-0.045408378899308294,-0.024795706602579216,-0.017934178493598182,-0.38825438325099021,-0.28544439095403079
B*38,-0.16811302958281721,-0.012072517459251282,-0.007497641366511501,  -0.295894964247987,-0.0095800364767382358,-0.068582041414979256,-0.012027991023132723,-0.12153122659622037,-0.14258989810861364,-0.29005385989432686,-0.018936977009240488,-0.0081741792975916026,-0.40990834664147757,-0.010875765967440412,-0.019253056254275709,-0.036402163570419657,-0.0092126262939872944,-0.015969422700201845,-0.0088250147065163428,-0.0076688673029039279, -0.1198811235448663,-0.46709811203048779,-0.012511763831344695,-0.020903509702677139,-0.0080661773968578841,-0.59020105374808574, -0.2763293705714337,-0.083047229098505038,-0.015421774611060337,-0.0078610464778672891,-0.007556692982152286,-0.012614225283123085,-0.052486259781038325,-0.19869356369494745,-0.0085361313607730718,-0.076479640306545735,-0.0083745356077881035,-0.057052689865992483,  3.8909507431469041,-0.089260980619855379,-0.028273925875854526,-0.061004281883696422,-0.0081664940694290335,-0.037236501763251648,-0.0084183378957820264,-0.30029043160278407,-0.024668135287455272,-0.012971936423916249,-0.0086839423301004384, 0.54696447198509335,-0.16265572156969518
B*39,-0.52635278056517143,-0.048116112643946163,-0.037582313611350587,-0.14756527385406273,-0.055087123428617789,  -0.258165086463788,-0.05328192896829112,-0.36445574638971484, 0.15762211249751742,-0.39319126875489246,-0.070025308729799216,-0.036629817305994815, -1.1572796240154521,-0.049715115670558106,-0.086938024575689346,-0.15545762108103311,-0.043447179161327482,-0.062367945642551388,-0.038346306431204874,-0.034440924066718288, 0.41197613637853409, -1.1255097418267688,-0.050791442413737273,-0.045617473843639823,-0.04057487399582526,-0.92186395913266017,  3.1066903538881574,-0.27869343313440326,-0.074181741434588583,-0.039693800585797981,-0.034826147191116957,-0.06180627001573593,-0.10216850052073269,-0.16053701522289238,-0.039845794505150085, 0.22501195603105018,-0.040505976799992717,-0.16386023693217278,  4.6138141349127348,-0.35287926896654626,-0.08570542621405991,-0.30308944296371626,-0.036463579270466021,   1.032420545879325,-0.037151306570478347, -1.0626244299000505,-0.08973895333623659,-0.049040418521319136,-0.032662934021772866,-0.16897313522036639,-0.53028443568692818
B*40,-0.94528101441384549,-0.095230905883207068,-0.082001936563231972,  1.4924949720822791,-0.099194961003434931, 0.26839841362792144,-0.092972272178095561,-0.51158054234104189,-0.90422810005252963,  3.8356224139190123,  1.7876821626508048,-0.077632120048973838, -1.0090530783691363,-0.098934053582456286,  2.0473981191287121,-0.27275781517226544,-0.086610624260156727,-0.10770204232234855,-0.077898205619452959,-0.072127408742499288,-0.51968474685264543,-0.89216175764164596,-0.10658855835907363,-0.097087509186436272,-0.088177620775908627, -1.6117012446977057,-0.80161499208737119,-0.51654638311118184,-0.13406455358060537,-0.086364532932166116,-0.071272760624886397,-0.12879151314496132,-0.28485463809041872,  0.4561601422472682,-0.086505886796995807,-0.70274204187882405,-0.085147567391347781,-0.37029901421760369,-0.47496701920379764, -0.5656779638043623, -0.1692526173038327,  2.4924346511607989,-0.084211972469848684,  2.3196906177457546, 0.81505858763271766, -1.3847802412404586,-0.19492553954285849,-0.11212378686093084,-0.074464073741289397,-0.56222742152391736,-0.77549904258151603
B*41,-0.43291467269731027,-0.038415840624627794,-0.030275739918155877,-0.88906263969326083,-0.05875956482966941,-0.019455501172001264,-0.040830019068466054,-0.33120496095849533,-0.33149389381156436,-0.68455841451211863,-0.05566282663696253,-0.032461990003060326, -1.0777744571040144,-0.041314431757942409,-0.087781652859342724,-0.12115230794387777,-0.039780653959392918,-0.062736458086919869,-0.034024116850385262,-0.030119553772527733,-0.44810129921173153,-0.78025982701200391,-0.042012970373696785,-0.050340924337329007,-0.032716631564875136,  1.6279717088504373,-0.35584670493264964,-0.21930918398698304,-0.065429444159749772,-0.031950269983365059,-0.031388512672688655,-0.05045895469360729,-0.10057633477509766,  1.9481065231882129,-0.034151959872723986,-0.38307358586162804,-0.032292768456579503, 0.68450638388475415,-0.50812589396793917,0.050579665480038442,-0.088855212705632958,-0.18979402057299505, -0.0309188496026611, -0.4109144120179638,-0.032293152622904414,-0.56836762440898503,-0.074869988015993233, 0.88903106979401403,-0.030918360599862308,  4.3425958801019569,-0.51004464862967391
B*42,-0.32707907213782161,-0.041197521228870645,-0.025230321279702331,0.065300589396997941,-0.044773767166635191,-0.22368188320320165,-0.057210325373185461,-0.28072361441977201,-0.26346484446847684,-0.68657567940079567,-0.041645395557297543,-0.027055197418276847,-0.56252812365291616,-0.037345376790864138,-0.057915381214098359,-0.12787759705859253,-0.041215645706944151,-0.037494031150228077,-0.026828362883891801,-0.027071957267295589, 0.27515317524925131,  -1.076467000366653,-0.038162016911722156,-0.033716850634917077,-0.027167235168350144,-0.022042444658872784,  0.1557396350288775,-0.22835264304237804,-0.068771042927464984,-0.026517484328341525,-0.02652498934371068,-0.04476793649955528,-0.056485980481452369,-0.68609457095406357,-0.028211291836357993, 0.36660701598651402,-0.027716272092987486,-0.097459250915334111,-0.49499923214649655,-0.19688728888416446,-0.060656299189635145,-0.14650905955669125,-0.026653485305765338, 0.23526772718330485,-0.028884788814609961,-0.51811980822559633,-0.049540699743297723,-0.034365537724577747,-0.035873265368967039,  6.4542193090397424,-0.53442687938385325
B*44,-0.37442234602091262,-0.25490796664382914,-0.20605553662113352, -0.1209935406264452,-0.31750099344875143, -0.2126290668156165,-0.27377800246293171,  -1.016521391860316,  2.4365610410890444,-0.49907249335873932,-0.31968576066496768,-0.21606398719874978,  2.6174748152645244,-0.22892832238938635,-0.56389057618899052, 0.68502930509765458,-0.33859095148866036, -0.2751360041294727,-0.20793474962492176,-0.21812918137144324,  3.4223330751434604, -1.3632930396077476,-0.26624563371463583,-0.26515387044646493,-0.21924484838676189, 0.57578156747244835,-0.35467528573368429,  2.1394126549231305,-0.25794002442470437,-0.21489365440054523,-0.20337641631565445,-0.31046307714372534,-0.44283721963348666,-0.80325328929757323,-0.23356332303473548, -1.3517670711422789,-0.21385745342042975,-0.14404836676828522, -1.3477814967135806,-0.15595635892257687,  3.7883148660142387,-0.83501015541614676,-0.20664090180740491,-0.63060067371945938,-0.21328824797157128,  1.1149370467589708,-0.40731714285449699,-0.25561407836227823,-0.21320819692675252,-0.28972058763561048,0.064146912952385518
B*45,-0.88293557544822354,-0.10316490381565217,-0.086372773353876303, -1.1082265214428433,-0.14437764191362978,-0.50802145588260927, 0.72193891505249286,-0.59516982770697824,-0.85096921666431113, 0.24997216031336036,-0.16608876644635606,-0.081875491727486413,  0.2760434014622633,-0.10507909750026224,-0.19045708402041953,  3.2462440063388596,-0.092316175656676214,-0.10847569597464612,-0.080609592417191955,-0.075799597176138683,-0.32977415985734987,  2.8061642755588214,-0.10886797877416868,-0.097069857482422542, 0.77744212154229952, -1.1603284136255707, -0.8143131579591949,-0.53981978054684865,-0.16603818390274694,-0.09125367852021786,-0.079878024317901239,-0.13731294336021171,-0.26650584547462397, -1.0156299556901416,-0.08880221173661991,-0.70273695940022196,-0.080817312102065941, 0.38331848983584349,-0.85902949778906013,-0.26857386693188057,-0.16862187283807559,-0.51024516623928673,-0.078571160095680867, 0.86830313507919121,-0.080459251228126777,  3.9475495956150355,-0.20768803717149856,-0.11398882428086578,-0.085769696405005272, 0.40199892513621832,-0.44693977305729582
B*47,-0.22364703602174923,-0.013082201031964624,-0.010294847079081076,-0.36658505283229165,-0.013699365076764681,-0.085394753053348052,-0.013545549029958658,-0.091223577798610053,-0.14595409698323947,-0.41685872372416638,-0.018557836056593908,-0.01066623452342607,-0.61373740640499252, 0.12474858101055399,-0.028160508598464952,-0.042519729475932126,-0.012512378987451084,-0.013142058150703934,-0.010441474964685374,-0.0099872492674011326,-0.20993481823072069,  1.2611569730295984,-0.015948033390787781,-0.022163680967417512,-0.011160738266745712,  2.3251323903635259,-0.28910003267871159,-0.10662595019573763,-0.018540215816910684,-0.010869794532123837,-0.010271648067931278,-0.020004685218457472, -0.0364377724908031,-0.24271194300666707,-0.011609274150952297,-0.18332426549656436,-0.010881488918590842,-0.053902040950377671,-0.25483809770511384,-0.074453982149069592,-0.040191000084814792,-0.090130017785726657,-0.010560203224982492,-0.095862786669491093,-0.012718445309399229, 0.18820364029313907,-0.031151553869400321,-0.015675864326307933,-0.01047922782344116, 0.34753915060576474,-0.21722309491450917
B*48,-0.099737246535915217,-0.0032375374196422311,-0.0040752911157770702,-0.14430471118332636,-0.0033323278547390946,-0.025618706841220452,-0.0032921277133662087,-0.017602885194793527,-0.071842254705517181,-0.098987251483529687,-0.0056009870079326831,-0.0029907011493120732, 0.66336730411280542,-0.0038130492500584802,-0.01383475551697399,-0.012579028039593784,-0.0030652647870712518,-0.0031857060730346373,-0.0028955206071479014,-0.0026289147315241013,-0.14149674068622808,-0.16348104569254157,-0.0040912575684136773,-0.0033971149114976145,-0.0044405339163571516,-0.33322290778683161,-0.10156783614463689,-0.027528770855780611,-0.0059748898597076329,-0.0043571461026013251,-0.0025698519337431398,-0.0065658105686448144,-0.0079408656596014291,-0.073901796409268833, 0.97629607868899637,-0.07599936786829635,-0.0029012813865146167,-0.012784967293626669,-0.057716792902022848,-0.047043013635316981,-0.0065944171211398152,-0.037893119915223997,-0.0028029609234629877,-0.028446184930905033,-0.0027645829809913205,  0.2306293720608554,-0.01503585718319872,-0.0035767633042904519,-0.0026954809795240887, -0.1134265038304399,-0.057450625301373105
B*49,-0.54416211683462024,-0.043391068003058891,-0.033397807099503386,-0.84900799933041582, -0.0519159484877149,-0.22006623830875477,-0.043110456486122814,-0.34083789558898481, 0.20172351056458865,  1.4450738528079448,-0.055943733363124339,-0.033286460628552436,0.069179201649933492,-0.045804035163925172,-0.073855385013484223,-0.14216599985443298,-0.041674059003565724,-0.051561062037061969,-0.034170555214068192,-0.031682146648104453,-0.56309212199879055, 0.29127531992688765,-0.050626378268229161,-0.04749841149141687,-0.036820210608597637,  4.0108545187449556, -0.6330993058577159,   0.420555063163844,-0.062185600968426263,-0.035968117852764596,-0.032451159885213868,  2.2144781843242347,-0.085940310260788966,-0.58938763517085535,-0.036259503954915173,-0.41446302631639736,-0.034596702216666185,-0.17928630366326093,-0.31699041559894064,-0.29399877426204696,-0.10603695582830386,-0.23917299135862888,-0.032735295819589533, 0.14509926054784672,-0.036255973525986203,  -1.002004932250941,-0.086618666832126837,-0.046791463207280004,-0.033011039370989301,-0.64823901714453491,-0.51867563095134139
B*50,-0.35868003375230068,-0.026785027109754479,-0.021853802052702907,-0.67642514535217546,-0.032754645477340555,-0.19439710976623295,-0.029324928732101876, -0.2413561201176489, -0.3009679968091088,-0.57810661903423155,-0.043453237131671631,-0.023520891885160416,  1.9231318660664749,-0.029407610063263558,-0.049811811312618109,-0.093694637980825932,-0.026570987489873066,-0.041092079490328802,-0.023174039488311871,-0.02116412639483229, 0.25764625910016026,  3.6004705650310296,-0.029001187656323948,-0.031507717540052292,-0.023654251142727827,-0.38006787896564087,-0.51510697234644476,-0.16610559534873234,-0.044719982133177516,-0.023115662568175811,-0.020715929005297319,-0.037003720015017408,-0.078085885432204086,-0.47690599731857852,-0.023302189635010597, 0.43751074111548205,-0.021815679116187883,-0.089791624557771774,-0.35650614481975368, -0.2302604407261277,-0.057328131590066903,-0.16559335534832223,-0.02142456809719356,-0.28358635122657128,-0.023150055905735732,-0.77194315447194217,-0.056274926916747819,-0.030965212052756978,-0.021817112748735715, 0.91163370385160136,-0.33810255903896563
B*51, 0.35326084689024967,-0.15993182146191376,-0.12860329712514942, 0.29600631381506465,-0.18085483056962018, -0.6263917642516349,-0.16645493138891179,-0.54818630742200658,-0.27550955728638882,-0.20205011314342916,-0.24150919607940952,-0.13016269906060846,-0.61113485773042786,-0.17487696240656145, -0.3429745240826706,-0.30066400739310806,-0.13996635604838575,-0.17172295181900463,0.026981760568462021,-0.11917960706424394,  0.1416100280185526,  -1.089788432976224, -0.1711085634482705,-0.17461025825959195,-0.13810549031937774, -1.2071675308658854, -0.5297964467529459,-0.55953368397200809,-0.23182880224753649,-0.13522994736457919,-0.12435460065233279,-0.20944346950698492, 0.27963762501223521, -1.0834485207085431,  -0.141870956727915,-0.65697639265620189,-0.13055969217350846,-0.51029862770766288,-0.75129108348337514,  2.4666585900114444, -0.2753248882702598,  2.8685449326577896, 0.68769314619841837,-0.25157825001441325,-0.14144267863809393,  2.7116779415987446,  2.0560711902901563, 0.61074629986904216, 0.69858709495002913, -1.0470976532935299, 0.88355398449252665
B*52,-0.55131903743113619,-0.053454559412060322,-0.038750126978831498, -1.0045521965906958,-0.068807183451288625, -0.2893175683013896,-0.05502041398687646,-0.41725970908326354, 0.56499299413918869, -0.5639358533578549,-0.078541048454051174,-0.040631543598571657,-0.30060877959189175,-0.057475232263762562,-0.097687624338169743,-0.090279274678516652,-0.044143833465619155, -0.0530958858307021,-0.039376867396990804,-0.037129864446136987,-0.56609156909000569,-0.89924430695281987,-0.055433543849338379,-0.050532723765996358,-0.041865750439861425, -1.4686453837257758,  1.3636069593064435, 0.34535526031368341,-0.07936865973585655,-0.040932466037845248,-0.040032836728846347,-0.066606699983345771,-0.11899939040119065,-0.70005138384081989,-0.042436129226382756,-0.43181941996826828,-0.040234712327896459,  4.1783494981231639,-0.59282215115309234,-0.28579938060817678,-0.088025758816852748, 0.88562386066184362,-0.042420749285108444,-0.38375350949570153,-0.044654777059734939,  4.0459277794327271,-0.083701796015976992,-0.055812548157226964,-0.040987980196846005,-0.69009965723112132,-0.55209646522515243
B*53,-0.21377369351306363,-0.14057271618352676,-0.11802719147900249,-0.29031224862512678,-0.17594978627320157,-0.66828897399193654,-0.15472609908837548, -0.1798153119688099,-0.76089306819216296,-0.25193319406433523,-0.17716784169235711, -0.1167979284604212,   4.354855940756873, 0.54056370135669629,-0.13586893207286296, 0.12314400378733302,-0.13486768249788178,  1.9550298954779941,-0.12697919037369099,-0.10878825991816142,-0.66694646485364728,  2.2887041553108221,-0.14905927931742985,-0.15384915504406962,-0.12700453041329443, 0.12349186185090044,-0.62941434439526334,  -0.635208892889915,-0.17954848967919512,-0.12443672481678256,-0.11071903036384888,-0.18854595982962982,-0.23970992801120625,  1.6219911651043317,-0.12479943213047488,-0.042606936159828961,-0.11794593196326104,-0.36799010929259274,-0.04066631758053927,-0.89434059808898869,-0.25796199435896866,-0.57844994885760437,-0.11228570156832003,-0.75285232628651433,-0.12303191524699637,  0.3614192518234261,-0.22560416326858165,-0.14294734040954601,-0.11632086700476439, 0.14554217720405685,-0.65773365244623194
B*55,  2.3248775741047445,-0.023668904819577005,-0.014255529684479708,-0.38889370295499293,-0.019014729504757154,-0.08605803938339053,-0.019632493603774538,-0.23282423172494102,  4.4619470027855357,-0.40632732570151331,-0.028427252154165888,-0.015786475843178202,-0.70011083259824203,-0.021425816921255985,-0.04137103551886432,-0.076877379566079776,-0.017829529009631064,-0.020869323687578215,-0.015380070491386521,-0.014606183329194666, -0.2391863105136206,0.0021078942824040224,-0.02511747869366536,-0.023418847513873089,-0.015361947966305535,-0.90674972832459322,-0.40141762266066316,-0.17815954809580609,-0.027110055490596342,-0.01495863728629228,-0.01460429405790362,-0.024586308866555402,-0.058933119640811188,-0.28146441377648695,-0.01669302112631349,-0.17673247526090693,-0.015866309428341056, -0.1464003948383503,-0.52279468633348991,-0.094833761123456498,-0.043512943243060577,-0.16917231287073684,-0.02005898425434996,-0.12263200768502402,-0.016701244713487974,-0.43678057820243188,-0.029748704904800891,-0.022204083712649612,-0.015256572242163046,-0.32652063625176669,-0.25859658559717807
B*56,  4.1337866217500654,-0.009755375386666312,-0.0072065349096552059,-0.32207727314632412,-0.01036275814157071,-0.06731820662624044,-0.0097065959382722031,-0.076658366000006181, -0.1308740295717544,-0.34896550612536159,-0.012349757236173554,-0.0082603359463906088,-0.45592718793765391,-0.011532049536205046,-0.015753075338917774,-0.032878916664243175,-0.0089722093167722058,-0.0099333077019159235,-0.00767892189970131,-0.0075010414218367443, -0.1385626182410675,-0.46465018300269095,-0.011432968163441548,-0.015817904813418306,-0.0078029373042645261,-0.59786532426698336,   0.475222874803783,-0.076308312179287519,-0.013663327887683395,-0.0075895457404973367,-0.0075745549566383274,-0.013705458194679025,-0.028674884284394513,-0.18112228666597496,-0.0081870792385808095,-0.11362199349246778,-0.0082649221144583136,-0.049483383209094123,-0.38649589991280742,-0.047248953379359838,-0.027353871749156093,-0.077071006009034063,-0.0096178631648737856,-0.074166879226814628,-0.0092398025598680461,-0.29175954884970856,-0.019812083260583931,-0.011257388653689984,-0.0075964715649468832,-0.18765828000483104, -0.1616923156168916
B*57,-0.86502391617302721,-0.10972814836080565,-0.078061449713687239,-0.25756228165149481,-0.10819776070239603,-0.53203805098993329,-0.12143547548391342,-0.65863667297313921, -0.6834814620981039,-0.70977291497396477,-0.12897153495006863,-0.085007598806125892, 0.14370758394252248,-0.10327784986567208,-0.038652674582677418,-0.19760962362057502,-0.087054108145145317,-0.10348613621018679,-0.077775584996734995,-0.075308516829692085,-0.88706142595616611,  2.1075745359176774,-0.11577201453535117,-0.10245873598335653,-0.084183379947496431,  2.8758379981759825,-0.84780567708889698,-0.52463262362363872, -0.1628658885707957,-0.082274788713776692,-0.074129014603918561,-0.13158604468793633,-0.17640892616913767,  1.7420118404559657,-0.084981433260211472,-0.62529951834451081,-0.079932625353096462,-0.34491301029654714,-0.54079205766606608,-0.49542989302165363,-0.20624430934784541,-0.46754298747272111,-0.077129091275738901,  0.4667612548938499,-0.081397334172550517,-0.83217376637648555,-0.17329336493946085,-0.10175307663910735,-0.086743866123075039, 0.51754198932155249,  4.5544514125893265
B*58,  -1.104355404564235,-0.14346088470944679,-0.12275228739604496,-0.35201862885737828,-0.15870465559577507,-0.024734604792619932,-0.15592988907315861,  4.4727178981890079, -0.9086645526245406, 0.76061108810605671, 0.58817557932869857, 0.69217803449456117, 0.63528632415631037,-0.16062414933834418,-0.25270676817119231, -0.3903018824784612, -0.1313257834893381,-0.18061438400074273,-0.12130467492412332,-0.10996613166163434, -1.0486678299322261,  3.7668496147187045,-0.15771584116641402,-0.15244294653874579,-0.13215826502677469,  2.6427422354275674,-0.10041496176857929,-0.18696040684845225,-0.21634194582208996,-0.12506968007264299,-0.11214938352512771,-0.049429337819561235,-0.25768134422567274, 0.33640106658845614,-0.12905502916104494,-0.95831422507029229,-0.12079902062621765,-0.38674642207022675,-0.76575096877152038,-0.28093346209492825,-0.28809767282384174,-0.63593097525672604,-0.11589677828214727,-0.97789233977121592,-0.12835549926994938, -1.1173616376968074, -0.2793520786162817,-0.15351683142776787,-0.12080971076537562, 0.56735378136498615, -1.1470063462466953
B*67,-0.090017031131292627,-0.0069168323395093377,-0.0045765033650078338,-0.22952097157878734,-0.010844826429342614,-0.043349753160648749,-0.0090747537461754284,-0.064468126461606601,-0.067298990501803463,-0.23597969865063506,-0.0077781152383526514,-0.0046280738559228273,-0.36983584364458177,-0.006847503028923143,-0.010699788170076828,-0.02278915780268527,-0.0051780996042320639,-0.0054543969215108488,-0.0045690017781437539,-0.0043109462068761165,-0.11754646547169806,-0.38654909363624135,-0.006893648600241946,-0.0056757412828991336,-0.0049721247383922819, -0.4468597833771214,-0.15383655149015751,-0.052449779131094373,-0.012013811822797923,-0.0048575871978753203,-0.0051294514836085032,-0.0087801624219124262,-0.010164907418185626,-0.19604270763032997,-0.0050132250134975378,-0.075121706330669599,-0.0047932067756163198,-0.019957731498259957,  3.4896866778892548,-0.03079502733804055,-0.012173126696205615,-0.032391435285586599,-0.004646725864946152,-0.081024072350197651,-0.0055845786069040112,-0.27248862252022926,-0.0097614051110713595,-0.0066039643544372603,-0.0058824566522469252,-0.17313841098775612,-0.13440075318491873
B*78,  1.9629171992087115,-0.026476051688573202,-0.017982505489441959,  1.1184313094016594,-0.028195026044020025,-0.12784416083079198,-0.031606950612814863,-0.34874455565496859, -0.2012868174251029,-0.57256525138683023,-0.034612162025171749,   -0.02004741257496,-0.85379398819175334,-0.027294620195660077,-0.046132415741001749,-0.083046739744568457,-0.023946502884224872,-0.079231993770781731,-0.027557747141954012,-0.018818857800997794,-0.26207258365216818,-0.75122888792427112,-0.027024317186161672,-0.025855213545759047,-0.019456500822651483,-0.54405942888867032,-0.39298564317590606,-0.15635994993301247,-0.044804288681601148,-0.018940787931219758,-0.019083415030451818,-0.031070073743216176,-0.047658787622997009,-0.37117907760659774,-0.020818256870674148,-0.23296317097091981,-0.020834442651940708,-0.081364783361828313,-0.29451863303330733,-0.39834745145900796,-0.061880795704856058,-0.12838369430765167,-0.019767295655573287, 0.17440549962615037,-0.021864218863250705,  4.2552822447099405,-0.032749703535433654,-0.02670850681454558,-0.021361520005272982,-0.52629777545057355, -0.3422132893133264
B*81, -0.7168954399850993,-0.094473508544261411,-0.055547815271682233,-0.63840041911689382,-0.10773150515521102, -0.3285248116665439,-0.080502156466475155,-0.73479451506723625,-0.48887451738730481,-0.67915850433023228,-0.10216299656399795,-0.063670972057424294, 0.94908944190661693,-0.079658384238580432,-0.15480867534486115,-0.29955822367382789,-0.083547446205129369,-0.088154525449156432,-0.061284207753816058,-0.060379424944832005,-0.22607351978665488,-0.85827134870676169,-0.094038553934980604,-0.076356151361422778,-0.059246490260958233, -1.2364828272262549, 0.12666627865798327,-0.39926902959784072,-0.11955228948434889,-0.058251280309520016,-0.061044353866475991,-0.087946444386953704, 0.83924391726763903, 0.71996929318791669,-0.064603185084900039,  4.5077830194501338, 0.82238055700695811,-0.40119775775072913,-0.79056307048509233,-0.34117444692737064,-0.13786336193905563,-0.37652051522903052,-0.060446185316330683,-0.014758917187976549,-0.062252000436358285, -1.2776733653053707,-0.097362639319450439,-0.080106535057444223,-0.061576073283858349,-0.84100350479222208,  4.8366293887826837
B*82,-0.23815811860951952,-0.016773576911092214,-0.012111504243419302, 0.54401342160861366,-0.018389192139581807,-0.10762979880638879,-0.016101740996894792,  4.2828885035518258, 0.60334520917697909,-0.45481056609460974,-0.022213276589332833,-0.013645579931381104, 0.42321786703054831,-0.019684594681616516,-0.037220515753891042,-0.058554137830182158,-0.014370259403691918,-0.015995181949350765,-0.012579868781765133,-0.012153094151365099,-0.22195743558105202,-0.72396823810909028,-0.019589843951799957,-0.015891664582877319,-0.013142177333981609,-0.86481900937064948,-0.31459887762150562,-0.12087633115679793,-0.023994692750931093,-0.012799938022464116,-0.012539971930180752,-0.022975844692875835,-0.027011307729104601,-0.27606322487053897,-0.01408020692038417,-0.22409712332023854,-0.013329301224106027, -0.0728050603477821,-0.16340497400978624,-0.082747511940959376,-0.041433437101889202,-0.10977698857071806,-0.012764457093797529,-0.18451197528813271,-0.014960644083596444,-0.50902486468169994,-0.023827005103569342,-0.018499629838931456,-0.01256080840978286,-0.33190734004294775,-0.28311410881171356
INTERCEPT,  1.3083383303393574, -1.1590015976504944, -1.4783052581255343,  2.3260673244471644, -1.1298864475982562, 0.48859692397405036, -1.1505270395369744, 0.69081528058358488, 0.79939575791876627,  1.8599258839771082,-0.84750891755495028,   -1.34878903219642,  2.7802071064870222, -1.0648332370049778,-0.52927986753925604,-0.0015294168849561637,  -1.192282589070758, -1.0930330971317324, -1.3772168152557462, -1.4114608016175283, 0.92924724269798264,  2.8286753673971998, -1.0876905990147059, -1.0938240932036787, -1.4067839852415978,  3.3256441876124607,  1.6317760655744205, 0.61440914754383935,-0.76885590328297748, -1.4321016598576539, -1.4410894773002858,-0.98238623596059282,-0.47544152225743308,  1.6678369196643803, -1.3224985744675375,  1.1931471039950601, -1.3213298818879622,0.086967550554714057,  1.7791155510762582, 0.34455441510479839,-0.57027165359797882, 0.52927900843671316, -1.3454327564769379, 0.96385999696974545, -1.3674490691544561,  2.3472173947344834,-0.90225717931044214, -1.0981642117776096, -1.3961141367819545,  1.7535826103993586,  1.5466858872526978
