,B*07,B*08,B*13,B*14,B*15,B*18,B*27,B*35,B*37,B*38,B*39,B*40,B*41,B*42,B*44,B*45,B*46,B*47,B*48,B*49,B*50,B*51,B*52,B*53,B*54,B*55,B*56,B*57,B*58,B*59,B*67,B*73,B*81
A*0101,-0.033601269133871785,  1.8573806839031033, -1.1801500943919296, 0.11583798776255341,0.00045583018348956936, 0.43174613443499654,-0.54928890682848985, 0.18135628453484789,  3.2019344755921066, -1.3786943650607653,-0.66032547187699431,-0.52477173384689069,-0.35518904887777097,-0.15227059919867209, 0.53392144879695547,-0.42093346754529409,-0.45698131888525428,-0.15218585577723007,-0.97258079571485212,-0.28808686454820925,-0.23255672641054098,-0.38831960027812173, 0.36145343832945687,-0.22905775376403656,-0.37851204106401753, 0.26586523103057269,-0.89436867513828944,  3.6411639997120537,-0.096673658456383926,-0.44496943915732645,-0.42433652062576738,-0.14349327440470364,-0.23376803329473772
A*0103,-0.047768218978174438,-0.00042322984325682348,-0.040613911828697641,-0.005375240639623453,-0.11431517391160058,-0.018554745947497318,-0.017436445458175239,-0.072090289249916353,-0.0096418897919858908,-0.039519621865693626,-0.012403343666397625, 0.69415223833293083,-0.0035204870863159345,-0.0012332557956734947,-0.028491690365231675,-0.0044456552669029457,-0.042312097948349274,-0.0012324666429165661,-0.019640146619078824,-0.0026688099653320177,-0.0076511733927921658,-0.06440174911173574,-0.031264439600473051,-0.0022442747025605827,-0.017221376716436643,-0.023169652098111778,-0.015099327994981652,-0.0097749178396199492, -0.0291253381862016,-0.0048120905131007474,-0.0044966649867225978,-0.0011521122190823697,-0.0020524001002923107
A*0201, -0.4629241589464026, -0.4569311925904464,  0.7783788075942335,-0.88361934090862815, 0.45350903799759579,-0.065460398415418133, 0.90337166049589823,-0.046417890091721113,-0.095620245050470232, -1.1772017306186138,-0.058506234441685817, 0.59920852999472329, 0.16770520887187951,-0.34953241672046054,0.0076082905259499305,-0.75779020683848397, 0.61250387329230016,-0.34936628387509033,  0.4687682089703446, -0.5935045604189505,-0.13245778352313356, 0.42147300509766145,-0.54460289307484011,-0.005064075106124606,  1.6593872363218245,  0.3874853977595778,-0.54539684461651805,-0.49679649908651485,-0.98887423181472178,  0.1751693933805771,  1.2105382678815495,   0.288534452819521,-0.12357438486540992
A*0202,-0.13830522886008792,-0.047274401059967337,-0.11902551194312395,-0.016843626033169006, 0.32095423786059196,-0.056616628868782284,-0.053320304586589734, 0.56702687031351173, -0.0299475869829024,-0.11603793670810898,-0.038309470293941515,-0.33061596721153941, 0.13541504660779238,-0.0038986371914174838,-0.085321192199396073,-0.013957985578066143,-0.12364101189050622,-0.0038961490161189848,-0.059802765316271024,-0.0084108882049775801,-0.023861936961423306, -0.1815652551695536,-0.093152206991535078,-0.0070793632777044367,-0.052684722518368581,-0.070075651801774871,-0.046386153459834593,-0.030352506283151368,  0.7663198427874337,-0.01509679457726453,-0.014116597294880425,-0.0036427562416480189,-0.0064767610472248839
A*0203, -1.6157678503898614,-0.83364547712631354, 0.67820339702362997,-0.53090384695979365, 0.55895465602854688,-0.26514478360239802,-0.84082749399118095, -1.3370118761853071,-0.75741534295931745,   3.385453721587024,  1.1491524289902662, 0.95112410650915291,-0.39685666414487486,-0.17342912243436329,-0.95093201869029109,-0.45982426439301494, 0.96547406219779586,-0.17333433882263138, 0.37865540500744693,-0.32348003544968407,-0.37030372743326556,-0.50081378227195394,  -1.168798625390314,-0.28311040790435155, 0.28554679812768413,  2.3172385769003561,  1.1233983177001234,-0.76545463994544383, 0.62327043866000087,-0.49324246752196954,-0.46983333036911262,-0.16360355494862389, 0.45726174220205051
A*0204,-0.05325092472529671,-0.017227569665658832, 0.86397637857135501,-0.0060212250543343815,-0.12657533215002315,-0.020752419045350207,-0.019504193926913323,-0.080157266388756324,-0.01079515617468065,-0.044095507012809738,-0.01388238686600508,-0.14128616022997986,-0.0039444471993266682,-0.0013821514941516275,-0.03183002497973357,-0.0049804783644427286,-0.024732121311776521,-0.0013812671864428445,-0.021963612890223267,-0.0029905106522915312,-0.0085683491184457353,-0.071665856395129179,-0.034916704069491919,-0.0025149303028310136,-0.019264096205270378,-0.025900129384470987,-0.016894519599844109,-0.01094392294679636,-0.032535578317977341,-0.0053907565664591947,-0.0050375896462580639,-0.0012912233255785201,-0.0022999673746051433
A*0205,-0.26175516275162952,-0.12251601254664873,-0.28520770355880792,-0.046279136068662019,-0.11327176430071241,-0.14644154991240368,-0.13855058677990947,-0.43933674423291591,-0.077411624635290735,-0.27897631968081049,-0.10173956627935843,-0.16383421083303656,-0.030728241430391681,-0.010954209810386792,-0.21257893003233738,-0.038537238151971298,-0.29481696349123776,-0.010947266954041773,-0.15400678782241906,-0.023444761610682006,  4.3883042038813462,-0.34806859914789157,-0.22989838882438027,-0.019779340917838357,-0.13702140815699435,-0.17800228541548169,-0.12173002981240759,-0.081596407944158608, -0.2119522422864826,-0.041601243189203184,-0.038964641946536316,-0.010239937520857431,-0.018114897835459533
A*0206, -0.6368541882148947,-0.79588563183904104,-0.32616052021680964,-0.60471517469290204,  0.5182864997351464,-0.023174652659638795,0.033015593937720022,-0.17770468604350492, 0.59461386407133943,-0.38069818599100186, 0.70001463456661417, 0.45641842547884143,-0.46825114605325907, -0.2115517734295243,-0.71833896163074362,-0.54701833903083741, 0.24904513265083369,-0.19457558562087165,  1.3518395387444766,-0.38533308580432696,-0.59832459785714631,  1.0861689317628624, 0.14101715840365958,-0.33919511881341347, 0.65708654380627352,-0.024116390767607555, 0.10978830134030335,-0.82132672965639364,0.073733716334997979,   2.304730605350616,-0.50553898329637659,-0.19992599882941953,-0.31706919573595782
A*0207, -1.3123120770872587,-0.32787781325132276, 0.47179789658276289,-0.37193478444199296, 0.31684835836984038,-0.81800216424533501, -0.7696697964274144,-0.85905737455626419,-0.55682336087955298,  1.0558026945900689,-0.17734344713763747,0.048598197238096025,-0.26940059962681517,-0.11038570495198222,-0.49374214974216835,-0.27737239338766528,  4.3470978537975178,-0.11032196369915107, 0.21066676259109604,-0.21538041567975338,-0.47747245212635842, 0.22393897909308938, -1.0765914452472618,-0.18637198301472233,  1.3435426171249283,-0.28434449679423812, 0.79750687360885375,-0.56184248001928816,  1.3735111475017088,-0.34266338195986357,-0.31386449814280631,-0.10379552360995986,-0.17274107446915044
A*0210,-0.10761498006121084,-0.036074110640056903,-0.092251472001481372,-0.012761872934277671, -0.2409074745719556,-0.043294728340806783,-0.04074366286916721,-0.15819932912176965,-0.022760874329372027,-0.08988050996780296,-0.029172929310136229,  1.3866304798847797,-0.008379469904815166,-0.0029446520664167504,-0.06566000392164506,-0.010568193251139025,-0.095919591169381924,-0.0029427709874303653,-0.045763973139416318,-0.0063597320583006897,-0.01810965677600801,-0.14246825367886484,-0.0014266796164723401,-0.0053511949163624773, 0.10197053800416155,-0.053748160482465904,-0.035389143060160083,-0.023070817037460882,-0.067068278339071738,-0.011433583775049393,-0.01068871689460647,-0.0027512147446846881,-0.0048949879211515872
A*0211,-0.029271162741227149,  0.3561296519102734,-0.68434924932188623,-0.14930268906533573,-0.17319568419182321, 0.74709830089942253,-0.38662820966928613, -0.2632953931594138, 0.34974969031987985,-0.67286478597301413, -0.2987738864501191,  1.3154095700088102,-0.10230125386462259,-0.038124695502501145,  1.7321460636986084,-0.12624516548477291,-0.48351945218115128,-0.038101158385587475,-0.42149690363910597,-0.07929031973874151, 0.52282935277889619, 0.04637847024889253, 0.33854116837727316,-0.067443538903912983,-0.38311898503806191,-0.019519518047617337,0.092300185242332744,-0.17974162509787706,-0.54331488043965004,-0.13544804912789654,-0.12753478776360133,-0.035699688256997882,-0.06200137144018459
A*0216,  1.1720185405544172,-0.05782809570198838,-0.14357356947407768,-0.020741478321930077,-0.35287081968653694,-0.069120917451626393,-0.065141082946823595,-0.23904678090783626,-0.036770146998176677,-0.14004549347505679,-0.046951478789792861, 0.29175374041620433,-0.013655769672261031,-0.0048151728487414299,-0.10356855247712296,-0.017199345542195377,-0.14901747158767811,-0.004812102514237325,-0.072962867887550908,-0.010377313073101444,-0.029337581271386214, 0.63361107813610862,-0.11290434578212062,-0.0087371800728217788,-0.064373112495309553,-0.085318465531490958,-0.056752185475121029,-0.037263996015231032,-0.10571210143293035,-0.018597781757381783,-0.017394161087086746,-0.0044994065494007064,-0.0079945822797151574
A*0220,-0.10775951233561276,0.085017516107282087,-0.092377049176805628,-0.012780466423390254,-0.24119638485025655,-0.04335622178767496,-0.040801656122577488, 0.21034818967168342,-0.022793758005033936,-0.090003107616810116,-0.02921484480887538, -0.2664145342364464,-0.0083917331591832622,-0.0029489756310384831,-0.065751483155786203,-0.010583631420850314,-0.09604974089907066,-0.0029470917631094717,-0.045828823006784328, 0.85906270739253177,-0.018135912171980375,-0.14265386487530232, 0.44057018812351434,-0.0053590459738376214,-0.040309516378180983,-0.05382380718654016,-0.035439731917468173,-0.023104137841038562,-0.06716160546998462,-0.011450247610600997,-0.010704302234464719,-0.0027552522346814862,-0.0049021630016256321
A*0224,-0.047613776447505078,-0.015346157008821202,-0.04048170167839471,-0.0053571322188438924,-0.11396757243803335,-0.018493042573953962,-0.01737839758099418,-0.071862477435014074,-0.0096095443010405113,-0.039390839215063249,-0.012361847364977533, 0.70611905095486205,-0.0035086052255606107,-0.0012290840416034417,-0.028397853079180642,-0.004430664666709095,-0.042174583275186348,-0.0012282975553525913,-0.019574903076501275,-0.0026597949638499981,-0.0076254557203624292,-0.06419676953283901,-0.031161745739119107,-0.0022366905306898882,-0.017164032937144889,-0.023092948029660335,-0.015048945561947953,-0.0097421304018241693,-0.028313007058161668,-0.0047958703038832274,-0.0044815032750188865,-0.0011482146501048457,-0.0020454630675198027
A*0242,-0.048308414090657441,-0.015577259632809903,-0.041076392819930897,-0.0054386201688324436, 0.73071375612961764,-0.018770662011291014,-0.017639573774557309,-0.072886840019705149,-0.0097550913625539734,-0.039970120304637542,-0.012548564309911621,-0.12910374766784471,-0.0035620750321774717,-0.0012478580312201861,-0.028820000291319842,-0.0044981233840555267,-0.04279312239554061,-0.0012470595456658686,-0.019868446634952141,-0.0027003639778716659,-0.0077411820137638582,-0.065118540400852964,-0.031623720850138343,-0.0022708207606730738,-0.017422041680848942,-0.023438039852400724,-0.015275638909214092,-0.0098896658485860007,-0.029460740571948561,-0.0048688620113085737,-0.0045497318952066653,-0.0011657547557564927,-0.0020766811233839141
A*0253,-0.047650672280952253,-0.015358426509202576,-0.040513285795080838,-0.0053614578627065443,-0.11405062379959435,-0.018507782391096194,-0.01739226413204575,-0.071916903602233795,-0.0096172708968427102,-0.039421604453350606,-0.012371759941457334, 0.70285503329227184,-0.0035114434897342154,-0.0012300805587030813,-0.028420269595989485,-0.0044342455346583305,-0.037679636737458409,-0.001229293435496596,-0.019590488613071305,-0.0026619484063538641,-0.0076315990537822549,-0.064245740148946864,-0.031186278124813702,-0.0022385021845951641,-0.017177731285045444,-0.023111271427947395,-0.015060980918062848,-0.0097499625709179943,-0.029052373820263162,-0.004799744896733505,-0.0044851250169427627,-0.001149145671722784,-0.0020471201364699681
A*0301, 0.44192259410897444,-0.74686630283125766,-0.88765393706715379, 0.20012754602336794,-0.75030550948875852,0.044621062502310592, 0.20535333117611604,  1.3966624571652382,-0.023602700804218838, 0.78097829357997162,-0.19731756303357609, -1.1819426802660211, 0.40431506504904025,-0.12288817181245547,  1.1059507075628063,-0.35118341557324867,-0.36293254814947912,-0.12281799779612923,-0.47383295093073102, 0.50014207897943241,  1.7134233183152787,-0.31292004415245078,-0.007336082033192335,-0.20600613682150495,-0.83750969596499447,0.069706579159206999, 0.44982771024825563, 0.47978302005450563, -1.0944515599544786,-0.10581989402594355,  0.2993719009226406,-0.11562889610159258,-0.19116957803995938
A*0302,0.033426750976072742,  1.9086664339515915, 0.45127420768912796,-0.081037886795744779,-0.91855709597110491, 0.86780420771203359, -0.2728899958916583,   1.093578902257861,-0.16653204484451883,-0.50256055987929493,-0.20641924622540686, -0.5600680697110384,-0.066774039751457612,-0.024349290938044128, -0.3760527940426156,-0.083038150349588655,-0.52622054637463989,-0.024334058004615394,-0.29986021056986195,-0.051362473549832664,-0.13299494072502216, 0.50608762841623922,  0.3416183251785993,-0.043514014745933728,-0.27019348949615074,-0.24776654603150161,-0.14369448359568929,-0.16851710194961622, 0.20026027897743434,-0.089349404659169948,-0.083920600928379038,-0.022780997968340756,-0.039928692159733242
A*1101, -1.0624281856078996, -1.1751594795348397,  1.6907949509248994,  -1.224504848239756, 0.99613729639978388,-0.78703374081949562, 0.79276320670898703,0.043343428399635425,-0.16285635323046962, 0.60995000887637452,  1.4761640385648034, 0.66194386928621018,-0.99679305126899431, -0.5495000878026981, -0.2924372488445347, -1.1209101653898936, 0.93066892732748008,-0.54927260547188794,-0.16688582738787452, -0.4799964856061138, -0.5558493168184766, 0.58780330123327029, 0.24802480665833454,-0.78833534409410055,  1.2955027561149721, 0.62245103825615589, 0.90634910877681896,-0.28622192057718104,0.092441853918412503, -1.1060960544408671, 0.59261641179008584,-0.52567615997882422, 0.28300187187769604
A*1102, -1.1586431938814059,-0.63461268156663553, 0.95797503784380411,-0.30497518478945523,  1.1228133407118221,-0.71084629115031794,  2.7503346335163465, -1.3430972810395909, -0.4671438595240433, 0.64910140750984036,-0.22891119204642363,  1.0532692606299239,-0.21758100169715644,-0.086681216665067826,-0.90444113389505465, -0.2587579647953816,  1.2748218241240159,-0.086630077207617409, 0.69135773941880441,-0.17241776829841401,-0.39688486867869871, -0.9246120196291131,-0.88204239473951229,-0.14844614185229205, -0.6382633437004539, 0.71955477874625573, 0.56243595803420676,-0.47118909269457437,  1.0182210519727564,-0.27981946170550293,-0.26523518359039699,-0.081399677447594965,-0.13725400191306589
A*1103,-0.05175251438205395,-0.016726135917535027,-0.044026609188990463,-0.0058440748927819728,-0.12323984597164202,-0.020150414388133444, 0.11019610517630249, 0.69875381360648281,-0.01047900804764201,-0.042844140922471997,-0.013477027330820606, -0.1376099072984347,-0.0038281647626938579,-0.0013413047254530544,-0.030916299377011982,-0.0048338005063558722,-0.045861233587399505,-0.0013404465189656625,-0.021327206866017995,-0.0029022690854425231,-0.008316878513065477,-0.069683017306286663,-0.033917274427318032,-0.0024406875088534676, -0.0187044759845202,-0.025152457541957395,-0.016402624866349868,-0.010623463935916257,-0.031602218953921159,-0.0052320596315418117,-0.0048892390871760651,-0.0012530605069813372,-0.0022320567490509116
A*1119,-0.048639059918402644,-0.015687324516630789,-0.041359498089388436,-0.0054774366891322456,-0.11627284589981791,-0.018902873760705857,-0.017763956892766275,-0.073374242829917932,-0.0098244166190052783,-0.040245894908496421,-0.012637494849098317, 0.62700273429333986,-0.0035875458870444268,-0.0012568015232585115,-0.029021006431266174,-0.0045302574272508677,-0.043087572426296537,-0.0012559973209177095,-0.020008239465647948,-0.0027196897592248305,-0.0077963054972231306,-0.065557182933220187,-0.031843680775349555,-0.0022870794374594016,-0.017544917051792581,-0.023602371145246888,-0.015383604474424226,0.085082176878194568,-0.029666087393210267,-0.0049036314561280584,-0.0045822327532136272,-0.0011741104630427074,-0.0020915525769546967
A*2301, 0.83719618814396357,-0.13250388621544182,-0.40247583815211468,-0.080487555407596251,-0.44520739019453659, -0.2400090411066107,-0.22801083376412648,-0.65175167385402777, -0.1370222519203127,-0.27940562973417293,-0.17087015983341453,-0.50046184712044728,  2.3781197739082827,-0.019545567477364249,-0.33761240191588215,  2.7994007501409013,-0.45296836517339617,-0.019533282647034599,-0.24980621855357385,-0.041441046177243181,-0.11133870052149379,-0.59391125880920348,-0.31842931437560079,-0.035057230716180103,-0.22567611134863633,-0.28720850933469783, 0.52687779262434253,-0.13828515398535479,-0.25145156040427102,-0.072585372294455802,-0.068110158556900655,-0.018281120777032863,-0.032147024446366829
A*2402, 0.24147207592792891,  -0.994314783079147,  1.1093259980758565, -1.1321327216469133, 0.26768990643966956,-0.24125453814892223,-0.28286242661142363, 0.35984049673916757,-0.73738686856152791, 0.30540151437900792, 0.56037325335971577,   1.063254828061305,-0.91745737253088455,-0.49112675048022703,-0.84278196934118854, -1.0330439812606085, 0.73042562514475529,-0.49091547641553979,  1.2490312022819565,-0.29499080100044778,-0.56338639937519774, 0.65029644349562632, 0.77816322739256683,-0.65383699168744835,  1.5739824910953599, 0.24982380071766647, 0.45331905499461572, -1.1732514186582268,-0.23284822374507477,  1.4480710217725774, 0.17314327232607066,   -0.46902514784193,-0.66299834181916151
A*2403, -0.5488641686693807,-0.23204121474481848,-0.39733231417331216,-0.09335551423436865,-0.27692765857837981,  2.5195647520083488,-0.25615720887063403, 0.37026421643296381,-0.15274333878834234,-0.48150146686642958, 0.57380748466753606, 0.12823061045224524,-0.062915788151781379,-0.022887483329041336,-0.36170120130744621,-0.078308382037614116,  -0.505138098050392,-0.022873144642284397,-0.28542411198807854,-0.04835362288289826,-0.12857586239361393,  1.4668485573491197, 0.21418472264747024,-0.040946841459188171,-0.25697560754669097, -0.3249440217281705,-0.23057073681832091,-0.15872198235712798,-0.083231409230367884,-0.084288114141258322,-0.079144274184673805,-0.021411374814075269,-0.03756540156899537
A*2404,-0.048853515827891741,-0.015758746203603329,-0.041543137607675959,-0.0055026288788961077,-0.11675430872741954,-0.018988662416973397,-0.017844667269294442,-0.073690270018057683,-0.0098694062413693939,-0.040424781920942628,-0.012695205019781147,  0.5917026116593479,-0.0036040772279953143,-0.0012626063544090853,-0.029151414347575032,-0.0045511130719107108,0.090245041546176935,-0.0012617984420057737,-0.020098945696683218,-0.0027322329159403282,-0.0078320797364208154,-0.065841621974634404,-0.031986379575929334,-0.0022976320018759837,-0.017624649202706892,-0.023708993730380296,-0.015453664182466633,-0.010005542100609879,-0.029799310134389786,-0.0049261973911050323,-0.0046033263875124271,-0.0011795337967050706,-0.002101204802363494
A*2405,-0.047625107664852326,-0.015349925066828049,-0.040491401554111968,-0.0053584606486879165,-0.11399307953913115,-0.018497569294385275,-0.017382656111056802,-0.071879192685238888,-0.0096119171892954814,-0.039400287597086088,-0.012364891587730211, 0.70518698229072374,-0.0035094768715340178,-0.0012293900768171127,-0.028404737420484036,-0.0044317643709267992,-0.04218467237436338,-0.0012286033949538608,-0.019579689527751035,-0.0026604562971013425,-0.0076273423759827064,-0.06421180922313395,-0.031169279898075223,-0.0022372468987348825,-0.017168239810201023,-0.023098575314048589,-0.015052641711841458,-0.0097445357125430961,-0.027219883795802494,-0.0047970602129662364,-0.0044826155320095091,-0.0011485005713344032,-0.0020459719617142835
A*2406,-0.050899845833758714,-0.016441237019079048,-0.043295958067210163,-0.0057434755271413328,-0.12133664895848202,-0.019808320045257233,-0.018615845115497291, 0.78490362513835521,-0.010299435359051881,-0.042132322089323007,-0.013246749817491169,-0.10602239208848342,-0.0037621371748327694,-0.0013181138808824335,-0.03039681326307472,-0.0047505097509658962,-0.045101448180022492,-0.0013172704949142931,-0.020965544023408698,-0.0028521659236680672,-0.0081740575077330208,-0.068553859040243859,-0.033348986683337918,-0.0023985337108551122,-0.01838648813285236,-0.024727489320244822,-0.016123149998088473,-0.010441441435846213,-0.031071554045812341,-0.0051419420987634506,-0.0048049982821321124,-0.0012313935875231429,-0.0021934986823778533
A*2407, 0.58523190467471897,-0.31465724927450078,-0.81770989703930841,-0.19493529621418224, 0.12851869941125271,  0.7899589908650626, 0.49086713724945069,   1.951072723354857,-0.30857824636226644, 0.41519267049601366,-0.37742223997601881,-0.86792193590497702,-0.032303155521049752,-0.051413463394974983,-0.62938478341560267,-0.16583029588851222,-0.72309658512437491,-0.051382120229766522,  1.0881145348237873,-0.10554985318749065,-0.26046365590634635,-0.30348518304406147,   1.891247753587816,-0.090103467404415008,-0.33929361276318337,-0.58124981764711037,-0.29639529741467663, 0.31852027666534072,-0.67144409589132614,-0.17748345663256487,-0.16746633363144409,-0.048182000455890703,-0.082972648804255311
A*2408,-0.10130604601722647,-0.033821719433075409,-0.086771279593333098,-0.011947824641618842,-0.22823226735897945,-0.040609105077339211,-0.038210453728052346, 0.61977315981267334,-0.021322344406810082,-0.08453018195995135,-0.027339937752412672,-0.25236797948472267,-0.007842794263243396,-0.0027550954427909818,-0.0070792589693947994,-0.0098927129341999653,-0.090239532260058861,-0.0027533351057034642, 0.88964450681801843,-0.0059516443503012635,-0.016960175379036924,-0.13435784310906065,-0.067464713903604603,-0.0050075012683263075,-0.037748437792229396,-0.050445246627891349,-0.033178135590457271,-0.021613112191903431,-0.061805511231687961,-0.010703356655606863,-0.010005588774945702,-0.0025740763429678293,-0.0045804549837590606
A*2410, 0.24950664122566857,-0.15318260078149892, -0.1980722575658326,-0.058216788390909976,0.086322601072166993,  2.4609208159188505, 0.62137228435332303,-0.52390536665270571,-0.10052825144763461, -0.3212104951952558,-0.12636906095184733, 0.63867633450853822,-0.038804159234279552,-0.013904230660654115,-0.25848278151317028,-0.04857033183728094,-0.33082162111364743,-0.013895443426643665,-0.18926659894081593,-0.029661543956704863,-0.081170103242371713, -0.4835645624920405,-0.27872603891931597,-0.025047924259272051,-0.16895370388398839,0.037339881047914164,-0.15056442898464811,-0.10179922099788689,-0.26197500695916243,-0.052392226419843924, -0.0491037180600747,-0.013000062871395957,-0.022950029367579356
A*2417,-0.24048475164565927, 0.78973749854508235,-0.20941569062032453,-0.031952178403168677,  2.7480180040579092,-0.10399085208185177,-0.09818263004310808,-0.32613403365669025,-0.056181673119431681,-0.20454423081150247,-0.071378921502807391,-0.52450075751029923,-0.021115715383825229,-0.0074814719394642997,-0.15169197950273985,-0.026544965868630928, -0.2169107634769645,-0.0074767139833289359,-0.10957942810843897,-0.016074609110283994,-0.044993936067892391,-0.30088271932614141,-0.16668078479875448,-0.013546068016256007,-0.097059560575488993,-0.12743309023399879,-0.075229483576067027,-0.056845760319118206,-0.15652582049485209,-0.028682190079128023,-0.026842907806281131,-0.0069920732465514925,-0.01239974129394235
A*2420,-0.25805175453039453,-0.094810426703134221,   1.272905748153103,-0.034794806051239573,-0.37919935456702247,-0.11259220701865119,-0.10634974141953041,-0.36026169150041232, 0.82459244719714286,-0.21995877926998778, 0.11341259109290881,  -0.296263032085467,-0.023015948457379882,-0.0081645768144886915,-0.16560190722860577,-0.028920075897449337,-0.23308103963512297,-0.0081593878510931167, -0.1185940206177476,-0.01752897469801536,-0.048942659087363435,-0.19203174372379866,-0.17967611448468507,-0.014774972648035813,-0.10514214044490067,  1.2004532361278919,-0.093104958918774239,-0.061856712102889677,-0.16884374914128839,-0.031242569882571569,-0.029243828505102747,-0.007630823588759268,-0.013526025697134432
A*2501,-0.14605963668724339, 0.86980486477187413,-0.10493774177850389,-0.017907404523162987,-0.31539455809100053,-0.060049902982273543,-0.056564384419257686, 0.53046971432005496,-0.031813441506926547,-0.10020459481762793,-0.04067594035053284,-0.34637036824997347,-0.011778593998599157,-0.0041482330360294445,-0.090350800185584737,-0.014842182829228258, 0.68195967393941093,-0.004145586207511283,-0.063417726276064873,-0.0089468066351975073,-0.025358000522726177,-0.19135518952357225,-0.094677444792468909,-0.0075310749487788164,-0.055892174708918996,-0.074268647169541235,-0.049228133499158021,-0.032242800133624322,-0.092243894183532266,-0.016051987175112279,-0.015010687732735442,-0.0038760328650783598,-0.0068902832013752477
A*2601,0.061991885650669216,  2.1855093170960402, 0.22323726066210062,-0.49628608941490765, 0.13226798992714447,-0.58016067159443085,0.0059038951667132814, 0.51000395841878854,-0.70763626498929622, 0.95251840847728575, 0.68162910946794653, 0.45667438150573658,-0.36868988530390584,-0.15893254441896915,-0.62815934625161973,  0.6479623188380409,-0.43987370107130114,-0.15884460029721878,  -0.822444407471002,-0.14562279561858751,-0.072243828761706555, 0.42611468407478492, 0.25555360366972163,-0.24048115251378752,-0.23278152898352963,-0.16095726204976163, 0.60081341535117094,-0.18589940957542847, -1.1400572107691229,-0.32109317198942999, 0.11310184334484323, -0.1498212372346365,-0.24329696334233472
A*2602, 0.60122345143863831,-0.27495721466189454,-0.053265379618336751,-0.11697099112346113, 0.65196947209951883,-0.33227879522070231,-0.31677613880902428,0.034250325352237959,-0.19610124462429557,-0.56939924568002698,-0.24168907149532337,  0.6945209460692936,-0.079931561583151914,-0.029384887733146955,-0.0041488691509479047,-0.09911100362507394,-0.41444676452892548,-0.029366593608708778, 0.66415892600012938,-0.061659368110686112,-0.16039590761930314,-0.45504238988296863,-0.48616798376005138,-0.052315676104178671, 0.69636644203063491,0.073963810409002378,-0.28306048479568435, 0.55603941121536937,-0.39429194414444757, 0.85395664630263424, -0.1001486822656501,-0.027500927267456583,-0.04803830550401287
A*2603, 0.34708207427997451,-0.097113314136456463,-0.23000570955764865,-0.035690226999198618,  1.1068604199716563,-0.11528233735716753,-0.10890536884397775,  1.4786535508154437,-0.062587036862783746,-0.22474314731489556,-0.031815619570575493,-0.40312818423306068,-0.023615240303023036,-0.0083804031626270748,-0.16937506765794005,-0.029668656439609781,-0.10485821425163606,-0.0083750781941647045,-0.012194858321244813,-0.017987932958389029,-0.050184728098592223,-0.33595391547881059,-0.18372018997726661,-0.015162901961284985,-0.10767157067260723,-0.14095518912357724,-0.095370029599244718,-0.063406929270701212,-0.17267989576118239,-0.032049438863431264,-0.030000581134975599,-0.0078326544163238986,-0.013881624544677684
A*2901,  3.8927160731934478,-0.22191943819353771,-0.50267960019071989,-0.096416362314358628,-0.26052256244312449,-0.28038392229190878, 0.40556744300833414,-0.078539148818816157,-0.16255087223416045,-0.24412553409088325,-0.20153938352354855,-0.99726328608646253,-0.065039522953764958,-0.023691407167189139, 0.56366183703152972,-0.080912790863979428, 0.05934712667287935,-0.023676576469015671,-0.27337535025191079,-0.050009232261873079,0.063938189528193648,-0.68172176796220885,-0.41723543167795585,-0.042359179739974308,-0.26385353158561503,-0.33369430853209564,-0.23742279977869349,-0.16450078794063563,0.032121002890369052,-0.087019163975994865,-0.081774353380379611,-0.022164584494497094, 0.87703922689855363
A*2902, 0.31601769225982584,-0.13514525917791559,-0.30764992984457812,-0.050817988532440107,-0.15713592136962626,-0.016018157725688827, 0.65463462808664274,-0.47615485819108777,-0.088187114357134749,-0.30102169428587333,-0.11117269982167728,-0.18569752842770076,-0.033791736215903291,-0.012069731266986395, 0.55514211802279512,  1.6951683673988858,-0.31781209525226806,-0.012062089636918372,-0.16758926826156942, 0.77453708661529597,0.0012033495702305763,-0.43836923992595578,-0.24883737009085355,-0.021774492173917328,-0.14930038772368465,-0.19335782881319902,-0.13279923657437528,-0.085566275937853181,-0.23462662396347186,-0.045701299277379454,-0.042815501632088887,-0.011283521115815832,-0.019945392357712761
A*3001,0.050018056660112192,-0.28915011977300226,  4.4081877276436803,  -0.118527734375141,-0.56132472956371071,-0.33415770706682812,-0.31754254059146692,-0.16007187789384184, -0.1972495843991848,-0.57226423126630632,-0.24299839417314983,-0.44435112963749018,-0.080489556350513677, 0.78182877057522426,0.052029904096305875,-0.099790785679781349,-0.030077417436354347, 0.90427389995648344, -0.3475191572122277,-0.062097254944975318,-0.16189564486229005,0.065674762879580267,-0.48734708077667555,-0.052690542276384769,-0.31514154654620941,-0.28155244275848829,-0.28413365941043772,-0.19919881387021146,-0.33826748744620128,-0.10725190957289167,-0.10083492368153657,-0.027702905285629083,-0.048383944960458496
A*3002, -0.2018872503494705,-0.075723184640191663,-0.18384356114831776,-0.027464931138600091,-0.43382877836779038,  0.6439751932069524,-0.085121537387316148,-0.27851514362343271,-0.048448852917863529,-0.17947643363701707,-0.06167587857488678,-0.45484027725985654,-0.018123166842907965,-0.0064087869848855972,-0.13393736582002966,-0.022800162259897186,-0.19056983609877914,-0.0064047068276952435,-0.095133910047184397, 0.15175126121973523,-0.038743479237369871,-0.27305870207511612,-0.14566227818404548,  1.8695993773066444,-0.084136267927663252,-0.11086874328719606,-0.074337313657110202,-0.049092210710776317, 0.67909539412029452,-0.02464300536432933,-0.023056947111954166,-0.0059891320587675718,-0.010629382313175851
A*3004, 0.10568348637786169,-0.13574343807511477,-0.30835733279206945,  4.7551403708721933, -0.6591808993450875,-0.16013944952971956,-0.15146304996765786, 0.12627883512339227,-0.088594438628757557,-0.30218397112634793,-0.11167545342149397,-0.51859155532471402,-0.033956188883469289,-0.012129791401874307,-0.23128952762809729,-0.04242803604365477,-0.31902353886169449,-0.01212211228183515,  -0.168310370814131,-0.025926921498902033,-0.071381067715760957,-0.43978103988670908,-0.24979453947831456,-0.021881743411755711,-0.14995303701697418,-0.19417182492773005,-0.13338824963023116,-0.089726956693495077,-0.23558131988031206,-0.045921183397224653,-0.043022084918268998,-0.011339722604979355,-0.020043847187070554
A*3101,-0.25225991031757172, 0.18493167435187841,-0.50524079629498786,-0.35451655819142058, 0.35962629511384225,-0.79678443550602829,-0.13809846695947242, 0.54050487651104551, 0.66361413062048735, -1.1280138548605951, 0.60945126031565822, 0.82240471380233904,  -0.255804529178013,-0.10405597884821893,-0.51368610914831336,-0.30714456430859943, 0.08434690531647264,-0.10399554982997723, 0.79688178667566434,-0.20404818103245187,-0.45279804379889355,  1.8873295041573501,0.047738271467192631,-0.17633712419607314,-0.54804711089135472, 0.14932277976720823,-0.40983703263174309,-0.28740209947295742,-0.10084154905461028, -0.2595618163051614,  1.0134686356707807,-0.097810025516128024,-0.16333709742735314
A*3112,-0.054033612095975049,-0.017489862866705612,-0.045982122875068476,-0.0061139334957479247,-0.12831324472799643,-0.021067273816364012,-0.019800477397927254,-0.081305720646441731,-0.010960573325786468,-0.044749379272617629,-0.014094454340845164,-0.14320076451202679,-0.0040053069817965782,-0.0014035321968743283,-0.032307699995974389,-0.00505724300991282,-0.047894512396791836,-0.0014026342269016347,-0.022296443571484605,-0.0030366963419797485,-0.008699937536735489,0.035117854256985798, 0.80202192719954757,-0.0025537898512964499,-0.019556801461147882,-0.026291087918637997,-0.017151826537360863,-0.011111594571233719,-0.033023503844874194,-0.0054738100741447155,-0.0051152294973613238,-0.0013111992093848459,-0.002335512859137042
A*3201,  0.4925038702969598,  0.5143622464551173,-0.86224583137214028, -0.2149616357767313,-0.18554715195955435,-0.54111053279369759, 0.51630131673972257, 0.46667860725856802, 0.13229320755007945, -0.8589003610398499,-0.38248746267068673,-0.96006831983192753, 0.57326966496274712,-0.057491661842534014,  1.4275607587511405,-0.18332931886304848,-0.19815157318039298,-0.057456813124519876,-0.0079992701537748272,-0.079023289959375562,-0.28572292068656385, 0.61311048690757097,   1.009594837483065,-0.10033791204014855,-0.51074160895187948,-0.53524238690689396,-0.47168151288932092,  1.8742061912071135,-0.68836005049653681,-0.19601058258700152,-0.18511107157078477,0.034565685395405776,-0.092465604310123919
A*3203,-0.05316065789875573,-0.017197321617447463,-0.045233620413349565,-0.0060105338331189421,-0.12637481811547213,-0.020716109305399185,-0.019470026018221474,-0.080024800413636063,-0.010776080029401313,-0.044020098260667585,-0.013857930850211324,0.069676739979600666,-0.0039374287873854266,-0.0013796858580952852,-0.031774938009246328,-0.0049716257239644001,-0.047116280534855733,-0.0013788031248644196,-0.021925230191244482,-0.0029851844920228934,-0.0085531740293153576,-0.071546478224093574, 0.68459326384598596,-0.0025104490496238273,-0.01923034095186342,-0.025855043030097516,-0.016864846426951925,-0.010924586754878852,-0.032479309311352601,-0.0053811787176930624,-0.0050286359926537474,-0.0012889196648972782,-0.002295868194805456
A*3301,-0.25602446759765135,-0.10062838566273001,-0.23740637434087511,  1.7409820266138192,-0.52458511232274008,-0.11938488403392705,-0.11280398671025241,-0.36364308894718433,-0.064928519371358906,-0.23200638341466315,-0.082311707096712899,-0.57405370154238722,-0.024533583485455559,-0.0087113840601981268,  1.2538301574091071,-0.030815378752763561, -0.2457055752902248,-0.0087058505393025516,-0.12570834742191958,-0.018691442980738628,-0.052085150433380314,-0.34588657354888025,-0.18986917227911088,-0.015757637375839375,-0.11153045314869352,-0.14585500540691199,-0.098827668958769418,-0.065777192221290207,   1.248438678368246,-0.033285166594994149,-0.031159697171020632,-0.0081421712395836066,-0.014426800441611843
A*3303,-0.81551256298565744, -0.1607734933507175, 0.25374344002268401, -0.6006828140427245,-0.60164903595265395, -0.8535381482000135,-0.62934060298702454, 0.24158603223156763, 0.17858756482383997,-0.44374810486459643, -0.3473101518417247, -0.1091158277620389,-0.45418550913969558,-0.20410016141972401,  2.9610181377193348,-0.53184249095562364,  0.6768971169589485,-0.20399144997634264, 0.28912999886340535, 0.25813679561395197,-0.72013072549566526,-0.56295217803419639, -1.1463656339276049, -0.3283574061780648, 0.98989282241691468,-0.41403741002440458,-0.10343572798100628, 0.51381243777923546,  4.3262195231341822,-0.44194366085833359,-0.52149227124110342,-0.19281766872624856,-0.30170083361890665
A*3401,  0.4252055038502715,-0.36162971761126894, -0.6965637127841513,-0.10188347493938749,  1.7363829145223104,-0.14701763704476167, 0.24978296542191267,-0.50954057763948302, -0.2517812584727136,  1.2883595749413141,-0.16169166117070963,  1.0483930053855577,-0.10573903639429981,-0.039487752740847565, -0.5581181377172465,-0.13039471247094261,-0.20097485306523521,-0.039463405885424206,-0.39811953305564962,-0.082013438431302432,-0.20826770642787504, 0.46042559800218541,-0.42296950669296213,-0.069786347273990287,-0.39332322302174455,-0.48547253150699099, 0.77636064392532211,-0.25457626179106058,0.0066347010242995795,-0.13986296560720232,-0.13172178971384943,-0.03697914211291263,-0.064166523501158271
A*3402,-0.054414535087497835,-0.017617614666773133,-0.046308793329477974,-0.0061590993330244365,-0.12915795070838901,0.039184732269440158,-0.019944777045150932,-0.081864368778233707,-0.011041152642434708,-0.04506766892029479,-0.014197751132435803,-0.14413113517906531,-0.0040349581519671576,-0.0014139495964906731, 0.85891667203435429,-0.0050946422232658068,-0.048234144452574387,-0.0014130449702563557,-0.022458534106900355,-0.0030591987253683678,-0.0087640412335270677,-0.073204437434424813,-0.035693467704067679,-0.0025727230251214304,-0.019699359181189695,-0.026481470669668702,-0.017277150703903246,-0.011193271841751666,-0.033261071957098404,-0.0055142727893891024,-0.0051530550860288023,-0.001320932162826103,-0.0023528314651972337
A*3405,-0.17265621303869241,-0.060288798529793762,-0.14920856658688317,-0.021657517223722649,-0.091207161930843897,-0.072029855961923434,-0.067893176219028503,-0.24768420356510526,-0.03836789830706578,  2.4949787241817027,-0.048970972520116597,-0.38182516376163772,-0.014263260125666455,-0.0050313523382707649,-0.10778608001709707,-0.017961692143971062,-0.10971321220295945,-0.0050281448479066859,-0.076022074380825727,-0.010840525768034114,-0.030621977059605239,-0.22468260693455214, -0.1174620879986263,-0.0091278426125668867,-0.067094809588101448,-0.088853432102446714,-0.059169667367271341,-0.038882403525959987,-0.11000826629822021,-0.019420951112248674,-0.01816500942201138,-0.0047014777667865526,-0.0083523229237625271
A*3601,  0.7438918031319286,-0.01728066799304926,-0.045446934343121789,-0.0060399893413552019,-0.12692766853141865,-0.020816161558192998,-0.019564175475056726,-0.080389971755442421,-0.010828639465330891,-0.044227931887592095,-0.013925315210315462,-0.14167437797226953,-0.0039567648215358391,-0.0013864786142114588,-0.031926747654359031,-0.0049960152831720981,-0.047338071242171501,-0.0013855915410812031,-0.022030996014592224,-0.0029998581876310259,-0.0085949838769146351,-0.071875555493389767,-0.035022491138806212, 0.13466836947760211,-0.019323353177601782,-0.025979285742695143,-0.016946608250249327,-0.010977862656638837,-0.032634377689142957,-0.005407566492711559,-0.0050533037397647463,-0.0012952661201247615,-0.0023071613395916745
A*6601,-0.10762814151359495,-0.03607860908796999,-0.092262856781554825,-0.012763440354631738,-0.24093384481906899,-0.043300133631894201,-0.040748744762760025,-0.15821793759637298,-0.022763685607965642, 0.66674835711775837,-0.029176538155300337,-0.26613031220910416, 0.97697322610643555,-0.0029450091727220937,-0.065668191346523574,-0.010569501919538682,-0.095931403391828707,-0.0029431278327967337,-0.045769674626306045,-0.0063605138264841979,-0.018111877154030349,-0.01945595767340326,-0.071816184611486769,-0.005351854758715021,-0.04025721877162787,-0.053754861389916461,-0.035393538903447049,-0.023073665093815865,-0.066542642882789826,-0.011434974154773759,-0.010690013470150236,-0.002751545672358652,-0.0048955820512608123
A*6801,   1.135019897366822,  1.1723576014446313,-0.47900343419026409,-0.23949392597864566,-0.0091855793618834582,0.057909859044184109,-0.56681109011349939, 0.80652564180064712,0.063707819525712153,-0.47230613838144386,-0.45060823113388876, 0.16864240297848859,-0.16428123265280903,0.076481582015855226, 0.26134893153190175, -0.2048646145292306,-0.94625104532287552,-0.065104133826652894,-0.61174252879721158,-0.021655148063906254,-0.29379032636012775, 0.57756724311016816,  1.8537049515325343,-0.11311126223163324,-0.56225467400828621, 0.99534258447029067,-0.51548275993493686,-0.14765083270546889,-0.71399374084214573,-0.21876805439122449,-0.20681985583631871,-0.061098546897462538,-0.10433135926131494
A*6802, 0.47742626131950699,-0.072571030214970883,-0.17686609430736722, 0.92823729674502187,-0.37779073917884798,-0.086513439971718245,-0.081607675419666972, -0.2894749045677743,-0.046381707188621703,-0.17264030523187648,-0.05907585310874397,-0.45818874880829763,-0.017327864842808075,-0.0061244222671260826,-0.12863790241319481,-0.021803997172275026,-0.18337665036920492,-0.0061205220685824078,-0.091241287987287034,-0.01317926462238813,-0.037075626184172351,-0.06434069901969483,  -0.139955855660122, 0.83651910908833893,-0.080660043277094598,-0.10639420662839014,-0.071239017871707305,-0.046998848339487136, 0.65490494228727736,-0.023568182292711005,-0.022049810286925032,-0.0057232826496084813,-0.010159627489479772
A*6803,  0.5313502389255822,-0.017165218764862215,-0.045151428356397807,-0.0059991901149821997,-0.12616164032643171,-0.020677570010689393,-0.019433761042685686,-0.079884044870985493,-0.010755837343777759,-0.043940018982756707,-0.013831977426487152, -0.1408303288049603,-0.003929982443123232,-0.0013770700519608516,-0.031716453727905027,-0.0049622331341522925,-0.047030820429723154,-0.0013761889904726769,-0.021884489397910861,-0.0029795336882426217,-0.008537071984541348, 0.27269964210933334,-0.034792490650780279,-0.0025056946481073531,-0.019194514134140576,-0.025807182513286484,-0.016833354137650511,-0.010904068099425979,-0.032419569022580669,-0.0053710165796980276,-0.0050191363210472517,-0.0012864757380293399,-0.0022915192971206741
A*6901,-0.19173500035123828,-0.067800198919460986,-0.16621310932569464,-0.024470516183333665, 0.72477982082388703,-0.080894523519036698,-0.076284819790590985,-0.27349300860016779,-0.043261257747545974,-0.16220632242877048,-0.055145904420811742, -0.3424393166764752,-0.016131100942930854,-0.0056970710282431931,-0.12057691859312782,-0.020304220117647723,-0.17238917606986381,-0.0056934415189360595,-0.085339419267751404,-0.012265569632227863,-0.034560408361023739,-0.24857144244316315,  1.8447582881996916,-0.010330048701868192,-0.075394676331688157,-0.099600855992223514,0.045393036762715881,-0.043838622357375297,-0.12303390659742822,-0.021949681455969653,-0.020533494878818597,-0.0053237786612490403,-0.0094533348716313147
A*7400,-0.49536322945707029,-0.20638534755103444,-0.37754055298699735,-0.080869727580655582,-0.41450101758027735, 0.45492705368045194,-0.22896291572432376,-0.65225042852233528, -0.1376403509603128,  1.5803696695714975,-0.17161858155241455,-0.45109356038563331,-0.054291079928114994,-0.019643997266451638,-0.28082420012431453,  1.6161619071931648, 0.25633600013924124,-0.019631651782067893, -0.2524656131470272,-0.041645243976546328,-0.11185260320448467,  1.8375599149657358,-0.36376506885518545,-0.035231052330211836,-0.22662024939072375,-0.28835244214384032,-0.20301127196384622,-0.13856643986461439,-0.30117780702036245,-0.072932595725843569,-0.068437339070877637,-0.018373302813365765,-0.032306874641157814
INTERCEPT,  1.3718640319594144,  0.2073401627384138,  1.2024590866429179,-0.85508163003981519,  2.3110098870040723, 0.39701514085776474, 0.33373349454187301,  1.8077440215976699,-0.26650662011529541,  1.1740507264447233,-0.011897054001274247,  2.4356699508527488, -1.2801345177559229, -2.3313689529075474, 0.83583981076264457, -1.0458898095792195,  1.2451191399595332, -2.3320105083874365, 0.45495061238304008, -1.5579485132879121,-0.49975623222698795,  1.6872770359808431, 0.93148313591445464, -1.7316190872079369, 0.32110622541593054, 0.62374631027906791, 0.18748312051032065,-0.25267131746996657, 0.85846837324244374,-0.96632327324394152, -1.0344353037759679, -2.3995163824029904, -1.8212010646854353
