,Cw*01,Cw*02,Cw*03,Cw*04,Cw*05,Cw*06,Cw*07,Cw*08,Cw*12,Cw*14,Cw*15,Cw*16,Cw*17,Cw*18,Cw*30
A*0101, 0.18540605027101972,-0.15558643267595354,-0.23559649828098517, 0.10613693449518757, 0.10817812593578285,  1.1455608469468135, 0.97886711380230285,-0.75937863010097884, 0.32795441368413064,-0.21984620647311423,-0.54371524351568012,-0.15096755763492889, 0.12005978885093421,-0.61532229005595951, -0.2917504152485374
A*0102,-0.10161741852295508,-0.085651021842413938,0.0070629881299243474,-0.058289091823979823,-0.01604475031505586,-0.030520584118844014, 0.12404941446646806,-0.0076001599811984059,-0.059072006410464166,-0.032597583963206417,-0.38434927562893884, 0.65485358483936396,-0.0055167798517931754,-0.0032144178527489385,-0.0014928971241579124
A*0103,-0.037039032906212965,-0.069761656541759601,-0.01284172901301899,-0.11980696861454507,-0.41869392403208949,-0.047289320875451291, 0.39596005109411742,-0.020165228753755413,-0.23563231860174921,-0.012936303279765837, 0.81817146589365553, 0.47696027987784922,-0.70980650841254367,-0.0044685836455389755,-0.0026502221891922095
A*0106,-0.0038459606402730562,-0.0025839888734675376,-0.0067621745567074962, 0.05457720928996674,-0.0014938526545611025,-0.0055719955053744521,0.018939205835990125,-0.0014209477390359202,-0.029294037488345335,-0.0017858979107895278,-0.015142027408350297,-0.0039699472107970054,-0.0010968037474814083,-0.00034995285060685795,-0.00019882854016683711
A*0110,-0.0035970655589207894,-0.0073029870847759045,-0.0031260962018129015,-0.0039907850827711495,-0.0032443625981140719,0.056565085738819382,-0.01170661304314846,-0.0023790978373286861,-0.0048198809697047587,-0.0012887116266528864,-0.0039886252045097824,-0.0089401253996078747,-0.001366358018497557,-0.0005232309406693153,-0.00029114617230527605
A*0201, 0.18274692343349272, 0.29914007463912934, 0.87476425739963992,-0.074609711241941309,  1.1189703440882013,-0.12575659574665396, 0.35013931236278034, 0.12365677788297517,-0.10665632892159464, 0.14954266335795471,-0.68557576164942657,-0.43309572154973486,-0.075872681478197368,  -1.009838439541461,-0.58755511303527841
A*0202, 0.49606983835464658,0.006263737620693789, -1.3835904860489594,-0.42095649314827421,-0.00033175489539336841,0.051424473453885726,-0.020025128284768667,-0.10091086837488392,-0.51652696400949849,  1.2661899786865112,-0.41931872630129863, 0.29967277296315181, 0.80235498145456408,-0.040837985673560305,-0.019477375796815497
A*0203,0.065767366972952365,-0.11287938195254714, 0.14802124737972366,0.028357606738081968,-0.063254602248723077,-0.027970619395942829,-0.073705877433676889,-0.01585237522820963,-0.054155558506279053, 0.57865874418522245, -0.3377013145615726,-0.12099721120054439,-0.0077616615302156852,-0.0041438335239249724,-0.002382529694344381
A*0204,  0.6341106973148315,-0.11320335639532016,0.017225445172314738,-0.071332593620635293,-0.017731843332428554,-0.011413499826180078, -0.0469821859946358,-0.0042469247150840796,-0.067041403682133197,-0.29621097828847232, 0.13654983187783015,-0.15237213066026384,-0.0030965329802051717,-0.0029102802232382186,-0.0013442446463799715
A*0205,-0.050733940829950329,-0.62242930923484285,-0.71979182444758005, 0.37834382152209289,-0.71339062982433243,  1.0798029451596702,  1.0709053266330129,-0.052340993161496173, 0.25208483111353858,-0.62565717330148785,-0.056060481888415191, 0.93359489049400202,-0.74315487873458119,-0.089664681557930878,-0.041507901941702903
A*0206,-0.79059805364795011,-0.73239871166390991,  2.9352952432781705,-0.75336737801827403,-0.79960787841322223, 0.09050766382601759, 0.62555961199726662, 0.48264969629190108,-0.59803192708298392,-0.18391613543235555, 0.49020813118769302,-0.65176094258120587,-0.067158481902748673,-0.030078836238090094,-0.017302001600307881
A*0207, 0.63733572371360503,-0.21045435000174173, 0.15535300953145792,-0.13608354112752913,0.032108601513376092, -0.1148921718313381,-0.0069042478902305174,-0.034879801359575094,-0.21426677664296095, -0.1124390221026573, 0.18213329230625358,-0.14689855037412131,-0.01916279748721211,-0.0070942693456696624,-0.0038550989016566317
A*0208,-0.0039238227660417088,-0.0021755208128749351,-0.0066022993491733472,0.071827477498574183,-0.0013963674685009324,-0.0062626173782020095,-0.004202827851140914,-0.0013618108245416682,-0.034661865953482071,-0.0021121116342162688,-0.0028925565092899081,-0.0048273752357400794,-0.00093583081309882516,-0.00028019326650505547,-0.00019227763576652087
A*0211,-0.0093844473423019895,-0.012927280469961996,-0.014857270008593396,-0.012159619577220079,-0.0074322621140055518,-0.013926029051694634,-0.024110472820895644,-0.0055501360918848858,-0.76196180382651402,-0.0081802664871551828, 0.92212732527274965,-0.046166500277224853,-0.0033289688091785578,-0.0013764058600556689,-0.00076586253606290302
A*0212,-0.083335297471458514,-0.071277348510787944,-0.010342631490878971,  0.2515542839044142,-0.010700044593252824,-0.0065731842593879427,-0.023901090027205495,-0.0022805205810289921,-0.021240526608617135,-0.19926905125253166, -0.3312524382882448, 0.51292158703318524,-0.0017849030874599013,-0.0017297437813768171,-0.00078909098536843138
A*0214,-0.0070487633738659013,-0.010805457858336552,-0.0056843600383404847,-0.0068896030167534417, 0.71410103247392576,-0.011900906070298495,-0.38901895995257102,-0.00055724375373171031,-0.26013962007185176,-0.0017508533988919962,-0.007831324866457998,-0.0083383156859425222,-0.0026976729005976571,-0.00088973923050927341,-0.0005482122557770938
A*0217, 0.20617143394180548,-0.18306517523205265,-0.054043296138590595, 0.47112648060608886,-0.40389857236863458,-0.040921312713847496, 0.21464116550599271,-0.019764025966860225,-0.19855695792750422,-0.42810544039076553, 0.85222971875496423,-0.39229921713845006,-0.012398506152954169,-0.0072726927956987203,-0.0038436019834931019
A*0220,-0.010912497707454972,-0.036260783931333578,-0.015214396988186401,-0.013277462401594662, 0.40725838449492474,-0.010775788817076623,-0.063721265299771235,-0.0072556716306189789,-0.041562799760209518,-0.0054642515378826913,-0.0077906057994172762,-0.19074711213282922,-0.0027315093109976682,-0.00089047921242840279,-0.00065375996512342049
A*0222,-0.010737436597675639,-0.022529083241197442,0.078287821019450796,0.070613623270344761,-0.015006822304958475,-0.01968996624486696,-0.011503476117410429,-0.84684546806334504,-0.038913695437006603,-0.0095513101142749891, 0.83973111644601661,-0.0099654653710903249,-0.002406679648304615,-0.00090793595780736685,-0.00057522163787464959
A*0224,-0.007339844895685641,-0.008029770189091014,-0.013659512384236667,-0.0077456428451730952,-0.0042167909273820633,0.023371706252386146, 0.12203916735129865,-0.00032274718614193126,-0.018390390967769656,-0.0016995337358145764,-0.075965574095853389,-0.0034561922434181952,-0.0030431852345160514,-0.001080818606300676,-0.00046087029230182429
A*0225,-0.0032606652085216303,-0.0036152768794308291,-0.0065627944984952081,-0.0034233284942600598,-0.0026757981071093141,-0.0030073357064748112,0.079208931791631923,-0.0014662660803122329,-0.0027291004154182431,-0.00063346962001249458,-0.04857645908952609,-0.0010466952122875428,-0.0014820695436006317,-0.00052800536588058647,-0.00020166757030225089
A*0226,-0.053216268987691488, 0.39323617891714008,-0.022666516731322934,-0.068434078792739939, 0.18257501121753691,-0.024716275940476616, 0.91532839456407034,-0.010027535764989817,-0.16676017750945299,-0.10581105709441373,-0.18818328291847408,-0.15493187805342495,-0.69227897495702628,-0.0026350307977997412,-0.0014785071509349362
A*0234,-0.0089517769853352004,-0.044959810047909297,-0.010905882899559972,-0.10898084701051244,-0.36430812520057615,-0.0056240401701267272, 0.80920187435131374,-0.0077191993456158497,-0.0061132489409739159,-0.0042635759722784508,-0.0062523640505188875,-0.23744653530293816,-0.0022977801142514791,-0.00078373505158038333,-0.00059495325913681938
A*0301,0.068183542974693478, 0.23792392401546145, 0.55777168893867035, 0.13497659133092996, 0.23939808158613565,-0.026435404446374811, 0.74998145172674413, -0.6422078873408682,-0.18628740102085234,-0.47710493884954019,-0.86306239665728024,-0.26193569455291632,-0.04124829255339546, 0.89365582440472613,-0.38360908955612288
A*0302,0.023297744154279966, 0.16845556149001945,-0.80342881551285694,-0.66205374511274573,-0.39484194175946746,-0.080374512116687433, 0.59345533019281504,-0.10015934261382639, 0.56084856321854371, 0.38928986783379382,0.025833569646376977, 0.78559317293699338,-0.46154841765794219,-0.026116814584886367,-0.018250220114408973
A*0305,-0.0045031122533114951,-0.0092315281744530554,-0.0049802951198781994,0.013076295192306853,-0.0051376551515665168,-0.0058093065558625489, 0.33308469682571012,-0.0029873109559974765,-0.29972665761529294,-0.0017768244731918188,-0.0040829426034319303,-0.0040371212475712372,-0.0028769745563111213,-0.00064308272430321745,-0.00036818058684522965
A*0308,-0.07575071839149497,-0.065706389039859855,-0.015828547593508002,0.025020824683373723,0.021976938004907052,-0.012032223926476978,-0.029175706206994122,-0.0037265238143801343,-0.051326681865990161, 0.60973969716545873,-0.29547659781292834,-0.10287400193949918,-0.002145386845159465,-0.001797681841030338,-0.00089700057641824789
A*0702,-0.0032883022832365682,-0.0040840213376755934,-0.0066018520577786803,-0.0048549991084627913,-0.0081476679689740858,-0.0029541096747839279,0.082814577521656024,-0.0015308776030984786,-0.0097484885504677352,-0.00066746364729269013,-0.048239939478039964,0.0095088020377501505,-0.001476521743588969,-0.00052622452365187517,-0.00020291158235481268
A*1101, 0.31015689896720022,-0.10031590178443942, 0.64318083264958037, 0.81654564390729611, 0.36281033162127768,-0.28895246172591893, 0.43494551271410115,0.015727765406916876,-0.12065465943102156, -1.0163376207950456,0.039751134903914784,-0.18861386547881343,-0.40485891595584028,-0.26208818270386647, -0.2412965122953227
A*1103,-0.0066806809288513565,-0.033751281772526634,-0.0081768711790558158,-0.082947241002236521, 0.40079930594124047,-0.0042442978503805188,-0.058603768704221425,-0.0057612048107050654,-0.0045673969362861853,-0.0031731900916209805,-0.0046789873851682158,-0.18546378808458575,-0.0017220858223569032,-0.00058514316395302866,-0.00044336820929232536
A*1104,-0.0040686053085092723,-0.0073868634062560432,-0.0076752268111926819,-0.010096305826341358,0.018778791375851721,-0.0070520505113929113,-0.014871167398885958,-0.0030087262658586886, 0.08355274757036453,-0.0017507320348358793,-0.010688287168105182,-0.032941398923539672,-0.0017103494021200893,-0.00069016874276983621,-0.0003916571464086504
A*1105,-0.0080713708725587054,-0.11388151071818417, 0.16060568882236101,-0.032396782699657116, 0.12711797179821213,-0.0030884411181691931,-0.024570273141817079,-0.0033879332249515618,-0.0065017875331519238,-0.0023224241139049389,-0.025201330513465913,-0.065974814276789862,-0.0013352543631163151,-0.00059759691207636012,-0.00039414113272995244
A*2011,-0.0016079283483065999,-0.0022863740414812753,-0.0036549028183084581,-0.0011165300681383928,-0.0039715427728631431,-0.0010047009773665881, 0.02181044786230216,-0.0014455674217207549,-0.0015180139145362906,-0.00046506840485666801,-0.001897636929536952,-0.0016076325516155823,-0.0009060687467498474,-0.00021130422232978164,-0.00011717664449185061
A*2301,-0.047710191979725557,-0.26664073343631939,0.041146911189566503,   2.790226054705939, -1.6148191457366623,  0.5327138043758558, 0.37257753642100433,-0.074541031088114246,-0.66159489279628647,-0.019497733679091977,  1.1643204680903028, -1.8632927646847735,-0.16242824306523262,-0.12237308842557554,-0.068086949890884693
A*2401,-0.073326261512088209,-0.046548741783615136,-0.46036568219190604,-0.087500142757145294,-0.0048061702444597478,-0.0071112590999167745, 0.64194250052554669,-0.0065960954884852685,-0.016422673118590653,-0.022860617563182296,0.093837813676294762,-0.0065747530860885547,-0.0019454824518093129,-0.0010405697017912793,-0.00068186520276291001
A*2402,0.091676537918606041, 0.65703482430889937, 0.66320076198988831,-0.35345246102619227, 0.46570724442666106,-0.20349476112175699, 0.47660117327723284,-0.82826715568012765, 0.17945104473073159,-0.73947945731679166,0.024912138321008533,-0.097652540704468507,-0.60250783529916274,0.0092953129453427746, 0.25697517323013624
A*2403,-0.68710887472922788,-0.14688601971444035, 0.70942711512726453,-0.37681598491985618,-0.79563890412376981,-0.18656501418598143,0.012066486123535223,-0.094561131062372697, 0.11868616907692106, 0.04603312921636777, 0.67045753115110518,  0.7799624223105357,-0.010530356213092689,-0.024511649446127545,-0.014014918610860334
A*2404, 0.37315787423702207,-0.30736785063673394,-0.010556373797687082,-0.0067670054332192526,-0.031389645980014876,-0.0051823823166942846,0.096565948377495978,-0.0036715893316004214,-0.072223503447290352,-0.0014589336560890593,-0.020604268838268946,-0.0075706021838893378,-0.0017200087632128931,-0.00074771430431356861,-0.00046394392550393198
A*2405,-0.0057421102730429068,-0.010820303997242016,-0.0048928864430367487,-0.013046345035108011,-0.042509324368279304,-0.0089921801057830601, 0.32824326535113957,-0.0023760684135530233,-0.20339706434974938,-0.0015578467115765586,-0.0059735433276063392,-0.025671083191320204,-0.002124749294040293,-0.00070063082015431365,-0.00043912902064725671
A*2407,-0.064749829457001654,-0.055335067456689986,-0.0079337767113883476,-0.032059038395235995,-0.0095628725898162341,-0.0050345240922910432,-0.018543219915750957,-0.0017604807354601453,-0.016290655426844856,-0.15828839045695672, 0.44702218258395326,-0.074171971967795708,-0.0013675960006466787,-0.0013214311621156348,-0.00060332821595937016
A*2408,-0.0034492728652362357,-0.0068476773937818335,-0.0036475443235984254, -0.0058345750502278,-0.0030449059796922662,0.049552821746242558,0.0032474634903685313,-0.0022426926058151486,-0.0053325048882562689,-0.0011896206412839575,-0.011109566952896026,-0.0079155799289286986,-0.0013836590908344844,-0.00052485206202701246,-0.00027783345403289148
A*2413,-0.0090067560761636634,-0.0095668253398882592,-0.010163808234651557,-0.011413645311882954,-0.0064277579168638081,-0.50251130008177869,  -0.018930397845124,-0.0059806458956059719,-0.013240025933730399,-0.0033807588475787244,-0.010399464605199311,  0.6068765807697184,-0.0036235638475020722,-0.0014389087237270831,-0.00079272211002197194
A*2414,-0.0050590009110812904,-0.0074094182904144426,-0.0046790189358812857,-0.0050001036899834442,-0.073537743583862225,-0.0081094030143484073, 0.31331830635535518,-0.0018698594558785239, -0.1853814675767976,-0.0012251923744723838,-0.012426674109895515,-0.0056068982095504871,-0.0019734364998547568,-0.00065502620216007878,-0.0003850635011747948
A*2417,-0.054882688425921498,0.028006379579151586,-0.0097380788533395057,-0.081726506838404198,-0.28516874143511661,-0.0046220290783497344,-0.059853399124234985,-0.0061952964259050112,-0.0048747782252662819,-0.0032918846640918151,-0.0083462473271062564, 0.49374893892406779,-0.001882307183683436,-0.00067561281033929547,-0.00049774811146089109
A*2429,-0.099668015874456548,-0.034472408627584418,  0.5092003346568218,-0.11879560707306445,-0.0053330771141242963,-0.0095498603356914576,-0.16068472666738398,-0.0088708189926870393,-0.021718752787216394,-0.031745981290276275,-0.0046787057577628507,-0.0089093446702956675,-0.0025252985287850522,-0.0013550802963305986,-0.00089265664116291695
A*2501, 0.11653056977069075, 0.32206656877240525, 0.29088697626247612,-0.58153326116004478, 0.42872011977140229,-0.077636279978674991,-0.25554196155097864, -0.1099231827173929,  2.4699973706364631,-0.18430866563575576, -1.1041955952860361,-0.83806264116925011,-0.25551319776581777,-0.14626121603756823,-0.075225603911917252
A*2502, 0.11501101020759336,-0.29062868888646565,-0.47917102856279176,-0.031320170313503926,-0.16396642378428908,-0.029725743099826243,-0.51444734449677831,-0.01146236806372746,  1.5271984457978722,-0.007850265535633956,-0.076358216916834781,-0.023274685165513335,-0.0081081770220133367,-0.0032684507905019226,-0.0026278933675853103
A*2601, 0.71357753824448689,-0.57548850661597284, 0.38266273904176479,-0.66472790489784628,-0.65431903743491748, 0.49120601376611228,-0.09913595016758045, 0.38969304513957193, 0.49745037396036379, 0.48959274827288685,-0.56730674147317328,-0.48524526760162084, 0.51790083115523933,  -0.269233417764279,-0.16662646362503611
A*2603,-0.04144401481726618,-0.0052929212730995837,0.082429900742070489,-0.0066158348028074751,-0.03292737602065559,-0.007927388266226059, 0.11482853024330211,-0.0026341575028908052,-0.080053697128414356,-0.0016608650160499048,-0.0091914501779319282,-0.0060410345450267466,-0.0019090608677270384,-0.00074918688419237057,-0.00081144368308458685
A*2605,-0.095312217909113178,-0.063036533627113034,-0.17422057179801431, 0.26845851044775276,-0.016233222815475977,-0.021312161699534139,-0.54861179130769933,-0.010608538672211442, 0.63738279997028124,-0.012079580205323378,0.063566254109077278,-0.015336405229201402,-0.0075061652186780075,-0.0030593056223823202,-0.0020910704223652864
A*2608,-0.12668148385684264,-0.041799384690734506,-0.41910096232768329,-0.41197601219716479,-0.052146720831338172, 0.78992844145541552,-0.66353674233032323, 0.12270212337080283, 0.35955194568886889, 0.80909011950092702, -0.1252730397598068,-0.19681396684673469,-0.026498400538796936,-0.01065815986698114,-0.0067877567696077827
A*2901, 0.35185057803974307,-0.026279682518451381,-0.47315159047060418,-0.095337553062473185,-0.22653969539145527,-0.19191911363177735, -2.2556822181966285,0.049729076937711114,-0.056736582617605565,-0.23315860151979492,  2.1393452993523496,  1.0443310882506647,0.048862911544698483,-0.050922373273412633,-0.024391543442964285
A*2902,0.013994799805542522,-0.67481963478106499,-0.75724498158247433,-0.70480950974034418, -1.4307170343133093,  1.4287598653675579,0.005714567347519117,0.038305349400892572, 0.13550551217668752,-0.10645842115145691,-0.06777652880045848,  2.2267577445395994, 0.17226539680526143,-0.16531947517829867,-0.11415764989565394
A*2910,-0.0083980145697858406,-0.033199948368056072,-0.0049414441291055844,-0.0053095793393930892,-0.02398387926482368,-0.024291671135017935,-0.011151631322929323,-0.69915566654389538,-0.0076787318420984832,-0.002601281662417505, 0.82962651508040164,-0.0045815271314580876,-0.002605403516569378,-0.0010658571509560809,-0.00066187910389543315
A*3001, 0.51673464832662619, 0.59536718677060774,-0.31462474714258121, 0.13780935362010022,-0.23706417236224903,  1.2735040607688135,-0.75026354899049663,-0.33945537993149388,-0.42738158386767283,-0.039155595138405573,-0.52077585379627911,-0.55602905709924133,  0.8171297709059937,-0.10055834291132207,-0.055236739152398989
A*3002,-0.66290599220043367,0.021193540834349794,0.041641420617316724,  1.1441044840606378,  3.0424238201789469,  -1.696917346108002,-0.97003384034451845,-0.08178174493692604, -1.2428755418749819, 0.68077768251437309, -0.5259312052483831, 0.43542559736601494,0.0054572892333037111,-0.13981287742850276,-0.050765286663193347
A*3003,-0.0087003137397113385,-0.006581255287259986,-0.048810031555096688,-0.0087927818124283567, 0.94397002977617717,-0.0026089027227234459,-0.84708424443409558,-0.0035140310614260734,-0.0043048729961026391,-0.0025752617113642224,-0.0042712393532657053,-0.0038606516857508477,-0.0020558851130837641,-0.00051699504839928308,-0.00029356325546895978
A*3004,-0.33377858297942953,-0.38613044690234477,-0.75840796754920325, 0.17129185590641358, 0.19930393415548814,-0.57288476071584749, 0.73502696590440375, 0.13551639494771855, 0.14281707675918207,-0.57024521320469268,-0.32692538225811985,  1.2123843886964192,  0.4061598364933845,-0.040045206627765333,-0.014082892625608334
A*3010,-0.0048533257083318172,-0.018927607217147594,-0.0030159641157280199,-0.0030855641808855772,-0.013604129296500117, 0.88259392652378355,-0.0088839393510112986,-0.85067712098783543,0.078419492316725903,-0.0015088878633738789,-0.016502744729959804,-0.0027940544584753894,-0.036158602360936362,-0.00061872657197615762,-0.00038275199834752717
A*3011,-0.050554599563069839,0.058836988076627787,-0.0074993307165273082,0.060893530212945544,-0.0022839664788947387,-0.005899736476510712,-0.0061377796595819302,-0.0017785970131761288,-0.03045114955340876,-0.0020297130305368181,-0.0062164856672116105,-0.0052730453509283112,-0.001025039577759159,-0.00034867907561931096,-0.0002323961263487086
A*3101, 0.45824483308022856, 0.11687877580512733,  1.0797467972460797, 0.40175880130806507,-0.015580278507896787,-0.18216215260463794,-0.20074160446226588,-0.060370678655183384, 0.46942603837396102, -0.1736670414655872, 0.28208066339252014, -1.1846097190830798,-0.64747043669616045,-0.23367234625235681,-0.10986165147880871
A*3102, -0.7138597274061127,-0.058525452317913056,-0.038275483357581387,-0.058062550980480188,0.044898261567377307,-0.026687145758324426,-0.070443456628522041,-0.019642740831789154, 0.80772251863911859, 0.54241214539013105,-0.28289491575401532,-0.11478764737326225,-0.0067726945582268008,-0.0033423351832981545,-0.0017387754471017299
A*3104, 0.53985387954188946,-0.059883771043694009,-0.37239019375789828,-0.092605995591489049, 0.48687550691627546,-0.012299724442002414,-0.10602290885875339,0.016040823777336132,-0.024574580959988001,-0.12228215640035577, -0.1911598175580887,-0.055688016210430645,-0.0029792858531275598,-0.0018481409482564793,-0.0010356186114168105
A*3201, 0.42636536193592006, 0.78861950883243692,-0.66334635002602116,-0.39344428738843917, 0.98020400809276509,-0.50094857724511221, 0.47844170260106456,-0.18387563005031005,0.098715190900414196, -0.5155183661859476,-0.14300191707265064,-0.11727573460840161, 0.28247880590776842,-0.34139053868306818,-0.19602317701041572
A*3202,-0.0095352111545460531,-0.047803986523361569, 0.79948861966388007,-0.11545976026918656,-0.25779562551463375,-0.0060644859830623057,-0.082927120472571836,-0.0082243566832962255,-0.0065127905038502827,-0.0045442764439761509,-0.0066618267294811734,-0.25004080789009331,-0.0024489106242433843,-0.0008352829767926097,-0.00063417789478461487
A*3204, 0.14565661629899671,-0.0059237871629083273,-0.097951884880874016,0.041349416959762839,-0.0018180468730996165,-0.0065081225370073551,-0.024580298486866541,-0.0021962068594166234,-0.032493511192097771,-0.0055407343105283004,-0.0030361241826493443,-0.0051940707731306154,-0.0010978770151831153,-0.00039712907659048393,-0.00026823990840745704
A*3301,-0.46273989692488671, 0.36886695379247114,-0.56343803164836381,-0.26308118010981363, 0.22855551654371792,-0.026020212079621647,0.0030389025552472288,  1.5323691927752521, -0.5236933884735232,-0.29968809851069717,-0.22260351833483899, 0.36610626321000611,-0.088552282813325334,-0.031328574417641336,-0.017791645563982172
A*3303, 0.14564107035603058, 0.87369388726306019,  1.1761367095478017,-0.10218242392891841,-0.27910303846785622, -0.5843301681816625, -1.2303366310230612, 0.40769076982080155,-0.16695556021660241, 0.09783744088425482, -0.8790326570885324, 0.16902017162923508, 0.54087092254934077,-0.11425589644131334,-0.054694596702579978
A*3402,-0.29348761393077816,-0.22599300874077682,-0.0076669403689166851, 0.31750400617397184,-0.20261279664496884,-0.68764325583126484, 0.36746575326540004,     1.0250184966405,-0.067194345458864574,-0.034543768587304832,-0.13243480222127518,-0.033906448359724589,-0.01323655151783746,-0.008085248514627363,-0.0031834759035317458
A*3601,-0.23063788557896317, 0.52876771229020825,-0.058678871007954277, 0.21212648474419474, -0.1250920846469358, 0.14268536700276771, 0.26440843655581647, 0.56383687816394434,-0.49666167263999217,-0.23981478180175292,-0.31412458913762797,-0.19602431328171821,-0.028467530757888781,-0.016147445069402289,-0.0061757048346962103
A*6601,-0.48520220237413769,-0.62957910336946576, -1.1606487547697901,-0.72587687053312389, 0.05585896096650958, 0.26465429029001553,-0.78873765428176046,0.030097169775776596,  1.4944641541233423, 0.26042693804042477,-0.05795587664490804, 0.38942337090522938,  1.4182274885136072,-0.040451897040723092,-0.024700013600996638
A*6602,-0.013519434168618274,-0.0064116249830309243,-0.0067242248238628174, 0.12695128496124117,-0.0032631921406090086,-0.029500254707343521,-0.015446404598812621,-0.0044393874294586192,-0.027225918267254984,-0.0024005852632165295,-0.0090207519385186834,-0.0048756267478440281,-0.0026477201218351484,-0.00095148922433523867,-0.00052467054650068669
A*6801, -0.3434781773639799,-0.042709067032395395, 0.36593959031757761,-0.38724803531837942, -0.7447366349825677, 0.68160203351885684,  1.6922061478518786,-0.085861185211399654,-0.29331012743148321,0.055868588321035563, 0.59914577652558443, -1.7800066122130542,0.039116683876401354, 0.40129822322326053,-0.15782720408133155
A*6802,-0.51253005104886262,0.063457515432116668, 0.89171420762586395, 0.92005845349949178,  1.2345526320835196, -1.1722486227334732, -1.3107056392719472,0.089118738663577932, -0.3887163246783148,-0.17990971356926941,0.077976174819375174, 0.25587774534259039,-0.70469705595115506,   0.772583250905993,-0.036531311119503397
A*6803,-0.091365200263861385,-0.20783918373340704, 0.27453702225528792,-0.045135684109995869,-0.054987240524697473,-0.0064861731534555378,  0.5680089140074166,0.060468997342854221,-0.59073150249372686, 0.53798384059737159,-0.31418193173282688,   -0.11110043872996,-0.011517659663847215,-0.0049533303730839038,-0.0027004294240680869
A*6805,-0.015419559127980478,-0.01285036171537597,-0.012327495682013658,-0.031238384912360147,-0.008241853016192003,-0.025789298727078649,-0.014864718856962772, 0.18891553372813283,-0.022431427158982938,-0.0044707041627417834,-0.021362653500122612,-0.012251527113352362,-0.0050210590916262001,-0.0017290708190337756,-0.00091741984430944077
A*6901, 0.88857260254928205,-0.12079072673406401,-0.75263209998729563, -1.5903361335296973,-0.75204684509094888,0.023487319369574516,-0.03038697697333196, 0.62787911415748787,  1.2972850189445786, 0.17255614600290664,-0.15453413916213438, 0.50312352970274521,-0.059069304167011602,-0.031780044173023561,-0.021327460909069371
A*7400,-0.30742256715992516,  1.4613151812852299,-0.98091862844841837,   1.599523747124113,-0.51653430370573894, 0.11789793302943168,-0.63556462297188787,0.068909565112339713,-0.51893570525354926,-0.16213637929720676, 0.27029251485570516,-0.31225151605681878,-0.051471195133234074,-0.020851321166866742,-0.011852702213174447
A*8001,-0.02823721798448986, 0.65997172260860004,-0.21174812404142851, 0.07943033674427688,-0.077776435154368481,-0.10311299411716551,-0.040396513829469516,-0.015009090961637644,-0.19902536456177447,-0.0096804317069943413,-0.021821841057328983,-0.018609082777284375,-0.0090460991041997202,-0.0031457193107412703,-0.001793144745994123
B*07,-0.55906803577804898,-0.30870727949725202,0.046800996204839504,-0.61337424508842309,-0.53712771300966655, -1.3752591620570926,   3.677691919101691,-0.60467909575793699,0.073893522077993948,  -0.706640094504698,  2.3077162303969367,  -1.388682625622806,0.057742331626660377, 0.13392974435115609,-0.20423649244334263
B*08,-0.60370777086011573,-0.097332783282401705,  0.1110892295769758, -1.0733308773170751,  1.0047139952176225, -1.7937043039276075,   4.457510202511342, 0.04128867891944614, -1.1487421080421183, -0.3466078828971923,-0.33520737513268706,-0.24121868461234497, 0.22606114061874152,-0.12245323863358093,-0.078358222138976058
B*13,-0.10020916506119414,-0.23437432278703443,-0.073628676754107905,-0.073975818080612182,-0.82772650269692993,  4.4675164912546075,-0.34290318254850993, 0.10333812281438085,-0.94881582019790955,-0.29124960392323795,-0.62367438931501851,-0.54719596503465251,-0.35203749559859526,-0.096824888756173996,-0.058238783315003054
B*14,-0.69443602617935507, 0.86383417554127606, -1.3410744623004691, -1.2627271927235155,  1.0780128205319148,-0.33856697197440755, -1.6390540130165141,  6.1076686930854853, -1.3067360088461781,-0.37405243399563659, 0.67126523971284346,-0.94520806792281398,-0.46772211097721683,-0.25453182002508018,-0.096671820910333758
B*15,  1.3222228945696048, 0.34901151547621451,  3.3101925723770753,  1.4125061356951747, -0.9981894447404378, -1.8323400508282712, 0.53472022722733581,-0.43605869636089273,-0.76679268153319891,  1.6089837411400723, -1.7290617311746062,-0.82061302819506199, -1.0463835810878095,-0.56206435463237814,-0.34613351793281016
B*18,-0.79580587903774203,-0.23255007497071348, -1.1171610253785307,-0.91864118624953095,  2.7470660686593145, -0.9956878175890258,  2.2833372461861057, -1.0661987232571788,   2.590760588231837, -0.6982547799986113,-0.61558543909041252,-0.25689581379653126,-0.35412414872007175,-0.35967250768093895,-0.21058650730794345
B*27,  3.2918933338717764,  3.9282252948363721,-0.12245866168491309,-0.69626748226380653, 0.16630209279445418, -2.0267287521030828,  -1.011104050644944,-0.36513039166377309,  -1.900488186769244,-0.68348479055492584, 0.80962699940301841, -0.1412551329494757,-0.73313324846985262,-0.33740172939540347,-0.17859529440619848
B*35,-0.40286887710728658,-0.84074695275522127,0.011781125499307717,  4.8831274418732393,-0.73674871485335469,-0.65212025845418409, -1.6600179523105334,-0.71209166289345283,  1.3190431856143923, 0.47470873703664579,-0.60628316544737293, 0.16794172213149197,-0.43520505852029612,-0.53385238944775648,-0.27666718036558485
B*37,-0.70131485072546851,  0.2132173805369609,-0.92184456100034673,-0.21642029769760299,-0.056145107791640281,  4.1362807645590838,-0.80260282514465109,-0.33175626498574579, -0.9289369536858797,-0.19875016897732853,-0.46168779990568881, 0.63137991484985889,-0.23578848839596434,-0.086546965986515706,-0.039083775649069785
B*38,-0.66319399036389182,-0.57872409274647874,-0.43322838852241347,0.071849881968315418,-0.77754018724861862,-0.25065810640111291,-0.99967863124864886,-0.54151867217005523,  4.5481874869891756,  -0.340354453949616,-0.15524376382043828, 0.70664512350866382,-0.38265710116330626,-0.13761164898206571,-0.066273455849503518
B*39,-0.81049831296942254, 0.23564543468950588, -0.9602440104289669, -1.0318463137248117, 0.18463630693130045, -1.3359057045083271,  2.3474128963231085,-0.35670560861236694,  3.4003316391878782, -0.3415011204418692,-0.75995765118356162,-0.65706518741476139, 0.29129907921986631,-0.12941354619279813,-0.076187900874776893
B*40,-0.18479470481212965,  2.9270504088971294,  4.0836140080632308,-0.37397058303424219, 0.36014015253186027, -2.1271531050992305, -1.5573102914596386,-0.75660065095153062,-0.83895512162929009,-0.19193387724045938,  1.3098702195888734, -1.3093970057605333,-0.79566341282986841,-0.34750815017184661,-0.19738788609231392
B*41,-0.73527508519882878,-0.65601976287328456,-0.40487202973024045, -1.0848644771731053,-0.63683617634775713,-0.77666869968777008, 0.36810443743372279,-0.38339355947521608,-0.56184784409348953,-0.24998888771575781,-0.65238224435327574,-0.02461694873677191,  5.9455179057404512,-0.099924758223611909,-0.046931869565062734
B*42,-0.37545356062747287,-0.28274925966084746, -0.3707194105416412,-0.38964491156345915,-0.43963666797289569,-0.82399215774141188, 0.35294307837508948, 0.65603027818823856,-0.43783640745969354,-0.093888435148994309,-0.19834790597715077,-0.31559477264709229,  2.7576676134462548,-0.024352728975485613,-0.014424751693438711
B*44,-0.90107612354324351, 0.90295938751720295,-0.81001972730748528,  1.5943366426123402,  3.8627755216899815, -2.0762101021651773,0.0091350270350878428,-0.29868190590976024, -1.7727173140948995,-0.14842290096397245, -1.1600041431202521,  2.9686854596642145,-0.86346591827979224,-0.83273226843713055,-0.47456163469714224
B*45,-0.75006305454432476,-0.61719659195076315,-0.73804526034812035,-0.82962432408044051, 0.92746557073875036,  3.0657333166678487, -1.3944678203029852,-0.41701606817886389,-0.83717941617122649,-0.24225473252834379,-0.49438690516732015,  2.6901135490053862,-0.25465547893406865,-0.070638619390916965,-0.037784164814612067
B*46, 0.74810855239005547,-0.042027664769841315,-0.075966631357128042,-0.057752780684405786,-0.031298520415187422,-0.10522535285619171,-0.19539506501037368,-0.027860395003236105,-0.077015035058669898,-0.012429218061608318,-0.06389491594441038,-0.036528104294649172,-0.014980838856408741,-0.0050414044347351899,-0.0026926256432099225
B*47, -0.4038339244500701,-0.40781541548688155,-0.045307562897613771,-0.41506122009615254, -0.3160894121753729,  3.7561546088996245,-0.78477818504525088,-0.14636186890769362,-0.49829878388095888,-0.085194642786926428,-0.21841031536948022,-0.22817279183236261,-0.11654011809803254,-0.073491145267813848,-0.016799222605015533
B*48,-0.32665235757517624,-0.36855975726195694,-0.71466919288711461, 0.30673997190447488,-0.25691376734456239,-0.50598314373130837, -1.0171804874574666,  4.0239497388570307,-0.46878128854447781,-0.066207194108356085,-0.30957347391775897,  -0.177067820288592,-0.068636820400349283,-0.031804529415320026,-0.018659877829065218
B*49,-0.58088739618895668,-0.51000123695003385,-0.72142145043368411,-0.85532645007338592,-0.58232509704911084, 0.14422796980134367,   4.226799519651153,-0.30864502185705928, 0.63071368402847949,-0.17646037346131377,-0.57221145247561878,-0.39965818616896903, -0.2002916358093679,-0.061843212311315926,-0.032669660702162068
B*50,-0.39961177629821054,-0.38839886603635687,-0.60031253440033616, 0.96649594432935948,-0.39955981023576675,  3.5814604780643178, -1.2634886615597496,-0.50709533173459587,-0.51950871997151393,-0.32124108057439132, 0.23715636727273512,-0.71982959550908998,-0.32580344281760587, 0.72258897972303915,-0.062851950251840344
B*51,  1.0784979505709296,  1.0638169741738654, -1.1894602680582664, 0.22889079614898139,-0.34490638410403973, -2.2572499117268761, -1.5559930650437215, -1.8494316265421298, -0.8379446944831882,  3.5649732025111818,  2.8089556013925261,  1.6163025282662693, -1.4425201424588909,-0.36596875630315995,-0.51796220434349105
B*52, -0.8833264363537674,-0.31468783264121014,-0.32166871019568627,-0.58108828240797605,-0.22736046845272728,  -0.993390486451454, -1.0522588033283129,-0.44975624435708661,  3.9979003144064729,-0.23967730996387135, 0.25638069158945198,   1.281717902205687,-0.31330429895816275, -0.1056184124028559,-0.053861622688500595
B*53,0.089120535679934901,-0.52218478354685816,-0.75240383413358725,  3.9811394229858812,-0.65063190930909409, 0.17141787946847378,-0.90273022740335829, -0.2853823330614364, 0.31105383716924245,-0.15252371523072111,-0.44181272392074344,-0.57542758803365934,-0.16006764824279118,-0.077100576831411069,-0.032466335589869319
B*54, 0.76795714043556651,-0.12242418274209113,-0.14781301132268787,-0.06383965403797158,-0.026102268098409501,-0.072924905833125678,-0.07400311633422435,-0.045765722442247178,-0.085895777468993281,-0.016461787388718303,-0.02489690718435493,-0.052632916970607783,-0.027623476580235236,-0.0048359334831638628,-0.00273748054873577
B*55,   1.696840937020319,-0.86542292016443423,  4.2396636169019777,-0.52748345462661672, 0.22431158504784413,   -1.11550136124588, -1.7330679594076808,-0.57119707822045129, -1.0398646081701104,-0.31287239909716663,0.079166767467478319,-0.27035682824858476,-0.39405514823543442,-0.14177081510050701, 0.73160966607924582
B*56,  4.0110628866446616, -0.5322815554029362,0.073735462927084022,-0.65642412268328842,-0.50342603528482788,-0.86368573439089269,-0.70156803474312734, 0.38516142334182263, 0.18464075292793503,-0.16106601111887761,-0.51720943132191133,-0.44243044910239199,-0.17844267137760883,-0.06886715128902543,-0.029199329126614132
B*57,-0.72077619527555348, -0.9494297552644666, -1.0630090847236453,-0.31787935768881609,-0.75115879784814454,  4.1457709341248856, 0.63428601816640351,-0.64571587332663116,-0.56211045636537427,-0.38020226357242137,-0.32826784001352088,-0.77213386576474041,-0.45807952373596716,  2.2568820763884032,-0.088176015100394259
B*58,-0.60486653963774895,-0.87664106026329769,  2.4887701572863135,-0.29753333886383365,  -1.042082465239915, 0.71853683033944105,  2.2459610571158253,-0.14233650704922177,-0.86360393486333764, 0.29355274454776364,-0.67289830368898229, -0.5943206423980476,-0.44320214852964818,-0.13390685022281906,-0.075428998532492214
B*67,-0.076354512976456318,-0.049342955288318176,-0.14805509485140164,-0.046978840472955065,-0.028916736402543771,-0.083772811860587021,-0.14825214669567383,-0.02333099417361725, 0.69683422120150318,-0.010125400839139209,-0.057277640772612028,-0.012039803819346618,-0.0071391783337800057,-0.0032629769471124075,-0.0019851277679597103
B*73,-0.027687172329735214,-0.045918727900060775,-0.060034851594463139,-0.16229946500386325, -0.3861978855481405,-0.02159564643984957,-0.07410362281482584,-0.023271232973304787,-0.025555601444884786,-0.023613975031180262,  0.9255206066840147,-0.055761108919910575,-0.013389627922107725,-0.0038523179541012733,-0.0022393708075870819
B*78,-0.22487733174014768,-0.25493994031602429, -0.2244756921200147, -0.2508459593231237,-0.16680699754673095,-0.44230576190694709,-0.93248925872618393,-0.22716356694554715,-0.28213286592125963,-0.044275262315601735,  2.0542310154277521,  1.0958700674156983,-0.064714578054688429,-0.024521596568634965,-0.010552271358545877
B*80, 0.04676968509908655,-0.013116878691428397,-0.37353285966969635,-0.017646131994069378,-0.0076936012852657706,-0.075507123531382808, 0.55649961138412651,-0.020050284939978662,-0.030365069779331191,-0.0054069014838558265,-0.038309799216446852,-0.01138562762269987,-0.0068719856237366818,-0.0021793201718037602,-0.0012037124735174915
INTERCEPT, 0.52583483664754049, 0.37216591841836261, 0.63422017619421045, 0.63023947056466789,-0.17599655685804402,  1.2449618406684404,  1.8519538402646349, -0.2257584465446027,  1.0132345333596511,-0.97292327263920353, 0.42330442142202446, 0.16316770538075212,-0.87821125635967101, -1.9861938131728705, -2.6199993973458739
