,B*0702,B*0705,B*0720,B*0801,B*1301,B*1302,B*1401,B*1402,B*1403,B*1406,B*1501,B*1502,B*1503,B*1504,B*1507,B*1508,B*1509,B*1510,B*1512,B*1515,B*1516,B*1517,B*1518,B*1520,B*1522,B*1523,B*1528,B*1530,B*1535,B*1537,B*1539,B*1540,B*1547,B*1548,B*1801,B*1802,B*1803,B*1806,B*2701,B*2702,B*2703,B*2704,B*2705,B*2707,B*2712,B*3501,B*3502,B*3503,B*3504,B*3505,B*3506,B*3508,B*3510,B*3511,B*3512,B*3514,B*3516,B*3517,B*3520,B*3521,B*3522,B*3523,B*3524,B*3527,B*3528,B*3530,B*3543,B*3701,B*3801,B*3802,B*3803,B*3901,B*3902,B*3903,B*3905,B*3906,B*3908,B*3909,B*3910,B*3911,B*3912,B*3913,B*3914,B*4001,B*4002,B*4004,B*4005,B*4006,B*4008,B*4011,B*4012,B*4014,B*4016,B*4020,B*4027,B*4101,B*4102,B*4201,B*4202,B*4402,B*4403,B*4404,B*4405,B*4410,B*4501,B*4701,B*4703,B*4801,B*4802,B*4803,B*4901,B*5001,B*5002,B*5101,B*5102,B*5106,B*5107,B*5108,B*5114,B*5201,B*5301,B*5302,B*5401,B*5501,B*5601,B*5701,B*5702,B*5703,B*5704,B*5801,B*5802,B*6701,B*7301,B*7801,B*7802,B*8101
A*01, 0.42400712602712798, 0.84404919894555497,-0.13481309322534898,  2.8820396673132045,-0.21389475423489335, 0.38272251633639148,  1.0309841149966519,-0.44041220509336038,-0.22045573197738472,-0.16855622947681487,0.0044477129195296533, 0.62905824519913278,-0.67944546456062183,-0.22076653537738816,-0.20987964933495973,-0.23444534148592822,-0.26931545890896291, -0.1366349280584282,-0.16608633102858975,-0.50047440050032477,-0.53948624602201056,  1.2868762712788446,-0.43522291517022499,-0.13499577391970868, 0.29488946726694604, -0.1371562597171726,-0.13495782175781471,-0.28136066183885894,-0.14663834549717819,-0.14248612712270392,-0.25234435552668533,-0.19750368968533696,-0.19853315098235888,-0.14047201411982849,-0.55788801971422219, -0.1436100602778986,-0.14202691018997593,-0.14284714852511593,-0.14110113361759882,-0.42786209018304205,-0.28821994672723455,-0.14226163178732304,-0.10419589707730822, -0.1419887657850111,-0.13606667914884196, -0.1057973659819289,  1.8243301323543091, 0.87241490215599016, 0.75859678800929498,-0.28530579777608256,-0.16715165234344118,-0.18714099420127744,-0.29774949794227401,-0.13654817336762839,-0.59252031849894093,-0.28279155433323638,-0.20488001933121613,-0.61293322171004361,-0.24744148157218709, -0.1330729386795533,-0.20747864377751904,-0.16094836357506317,-0.14621086671317002, -0.1413467894206713,-0.25167881833095046,-0.21360508510695422,-0.23001973409389173,  1.9957485874594783,  0.8999178945612778,-0.042538358059802155,-0.14054948573245787,-0.67011296627045147,-0.48529095098074199,-0.17852160761958225,-0.85949441167900109,-0.094217484217520478,-0.31076675099810486,-0.16818268244639134,-0.19850032108671345, 0.28133837205606849,-0.13148810071241751,-0.16614478118000139,-0.13759883985303534,  1.1166921417547595,-0.050645404298715835,-0.24197488750263502,-0.32316236727183406,0.0090029791742838247,-0.48042148302032939,-0.35673437232330318,-0.14544316744965416,-0.14059018804520679,-0.17274747449431385,-0.16306434235437195,-0.20128892871097759,0.014311799921841674, 0.34681011410428064,-0.28913630297270487,-0.27168528034523148,-0.59679423257796105,-0.34096017245883942,-0.14213632528953779, 0.37971446762846239,-0.14598471469669952,-0.58118846790820555,-0.19573724503929629,-0.13926550036345253, -0.7486681696286136, -0.2214325570761434,-0.18202795308378825, 0.92740366328490176, 0.81458775954659901, -0.2329886319817695, 0.18604594086686929,-0.49943226800210433,-0.13775110534795662,  1.0467087256025653,-0.18076561013556519,-0.14834137085645316, 0.93273032137205625,-0.48960731117338924,-0.17441097482460924, -0.1346482123549855, 0.20746798914106049, 0.94225438470898837,  2.8819316798021557,-0.27608353999982849,0.0018709154714055384,-0.13957704100217855, 0.56880272788912745,-0.73992773420155056,-0.13148810071241726,-0.31271559081330125, 0.48215845467209184,-0.13313119594336523,  1.4844769876887201
A*02, 0.50234329276372947,-0.27632689241698649,-0.39781893234354354, 0.31598096040188189,-0.63045379240273414,-0.32389833209197449,-0.28552926660936279,-0.54992720500218606,-0.62426462566584839, -0.5267034240766999, 0.74290158395156802,0.0088180859167621209,-0.71476182076892814, 0.90947231647896376,-0.57161341769363638,  0.2529744402166782,-0.74268606885855615,-0.97327448587446042,-0.52078049887643196,  1.8620192516924081,  1.3129509975344125, 0.80188697503262196,0.093084406899000424,-0.28135330389979846,-0.59517821897307643,-0.44892854641408242, -0.3347512944148292, 0.87281850356410584,-0.47300921939552465,-0.46253088512108981,-0.55919286373746457,  1.4412326877989787,-0.59607729741057791,-0.45741139559525318, 0.12633783078130878,-0.46537705877277774,-0.46136584685355664,-0.40580496311267134, -0.3586435076856816, -1.0047892727834913, -0.1859404995743717,-0.46196161357998505, 0.13199216228877242,-0.39559599666796486,-0.068470854341727089, 0.25880168483292337,-0.79176435822027558,-0.34524259280227448,-0.41593127210834641, 0.36623947254218181,0.015031720635118177,-0.67637574363608488, 0.10926397514788154,-0.44736520700833804,  2.2596732009712701, 0.43632731629556132, 0.71723566693169538,  1.8352056659975007,-0.77599406426686224,-0.19210927364525648,-0.08577696509565097,0.049024682703903755,-0.47193477638348758,-0.38314911492158549,-0.71086495088080437, 0.33957805785487993, 0.82916634512780729,-0.56632289876450082,-0.19598731734301936,0.0013617677530290567,-0.45760876168123726,  1.2674065081923445, 0.40593720043308629,-0.55029359675570122,  1.1100280300821488, 0.68765839372496906, 0.93216849399018742,0.073430905064345159,-0.039913136181850169,-0.23371855217978391, 0.18960400403263927,0.064529958635262202,-0.45006472958239241,  0.7257482515897038,  1.2586324389834893,  1.3322061292491869,  1.1416691430816754, -0.3200642532838599, 0.55040853126729883,-0.064983886472446128,-0.47000348250132223,-0.45771246122973158,-0.53454744908686691,-0.40332937347140524,-0.048463534746111911, 0.32497174365762527,-0.71364315193703054,  -1.110481071545967,-0.84649750127840462,  1.2924509354873537,-0.57095470680755267,-0.46164360736623206, 0.17610782484808807,-0.47136615740169879, 0.16364054499330083,-0.80178094102801045,-0.45433269664024711,   1.544191299169573, 0.30220284490919291, 0.74734838590039687,-0.037373960757965022,  1.1082825171912265, 0.59369943836436412,  1.1279266486412902,  0.4662125428339805, -0.4504554090093516,-0.11321513691209725, 0.41383689394705336, 0.57993982117262344, 0.89206227389662041,-0.88658163619543917,-0.43159471330068061,-0.44246582014613478, -1.0671790347508507,  1.0998330643658449,-0.13140760750441285,-0.75358494713717783,  0.1294392350997039,-0.45512853593405661, 0.33975200554139462,-0.69619824289634635, 0.18960400403263888,-0.58556456488942232,-0.27747664653418175, 0.12020525587766727,-0.93998907713352964
A*03,  2.2252244231015634, 0.57753425234706468,-0.15662184318160663,  0.5611100927310656,-0.17238014617682335, 0.52652815669337949,-0.59437466009220008,  1.1931279095381304, -0.2533064052586862, 0.54669833420798308,  1.0261135078820405,-0.19349380755456044,  0.3989693983056215,-0.25365412455539077, -0.2265994709437312, -0.2689385541568648, -0.1965760206342391, -0.2746169462670609, 0.36604698047709799,-0.46700456073696134, 0.33844434429554082,-0.67929229606528951,-0.11727555000229739,-0.15683006807255886,-0.44470454092416051,-0.15929196787800043,-0.15678681008930109,-0.32107544873997607,-0.17008191212591769,-0.16535991842112205, 0.48088208761355672,-0.22645531552567133,-0.22872451009547348,-0.16306779904043495, 0.39399528705909181,-0.16663851062645613,-0.16483740889905701,-0.16577066173693528,-0.16378387534842667,  1.8217916396600824,-0.21318051155328724, 0.29420832435636657, 0.44730622612270743, -0.1647940106987304, 0.19309511971873083,  1.3527382115571565, 0.69508085163388034,  1.7518469031117665, -0.4074120299469125,-0.36272053743292065, -0.1933426444225583,-0.44534231162539384,-0.33919131771657346,-0.15859917998939546,-0.70888900704195446, 0.46739023928821638,-0.23585228040888984,-0.72557527883468509,  -0.323910612032554,-0.18589116538191588,-0.22982795464131833,-0.18631999901958696,-0.16959595803123709,-0.16406345432193797,-0.28813993973997643,-0.24563615561487709,-0.52726554242351786, -0.7480020278557189,  1.2832496753999882,-0.18758290553671111,-0.14126592682384423, -0.7348012521316194,-0.54359273211328796, -0.1447706151603998,-0.39732576472615233,-0.28212900948816017, -0.3960180135858698,-0.19450891520827943,-0.041468546785702873,-0.24612854953754806, -0.1528302661684442, -0.1922034463168604,-0.15979612874358579,-0.017413479291939732, -1.2982362450324394,-0.29183818438123388,-0.43026470176306747,  0.6192574118834967,-0.54217461163176073,-0.40401853224454704,-0.16872319752223738, -0.1632023155774156,-0.17494985511839461,-0.18871657519068263,-0.23182044230101273, -1.0016099763903914, 0.12148968058755501,-0.45480413961702515,-0.36521551125740026,-0.19852025582586946,-0.11456459346852715,-0.16496193380036239, 0.48911862091613834,-0.12334435194450709,-0.52695117918352041,   1.721926158379891, 0.63965627319769935,-0.78875522516191499,-0.16322247582518215,-0.22469613889874548, 0.54465951413454994, 0.59972883400208099,-0.26731271488846337, 0.91204883979612716,0.013191534699870913,-0.078499469770326735,-0.25626189736302463,-0.37061281605926433,-0.17570638890567397, 0.60720120488156348, 0.21730903174048496,-0.20154854862778054,-0.15643389855475728,-0.39111822239197008,  1.1307342656170212, 0.20230322417058152, 0.84911977169618935, 0.36600705198548406, 0.60735509699433798, 0.45656627576792302, 0.76049780263592937,-0.15283026616844383,-0.35569355956831394,  0.0239543928228198, -0.1547043235647404, 0.32073620048975932
A*11, 0.53185331491208088,-0.61528684644026477,-0.094289790965426126,0.091877942920267519,  1.2524396923946273,-0.59204087899069069, 0.39064757329367872, 0.20792883036951146,-0.15766167352874691,-0.11896413721837434,-0.55346045350802198,-0.11802763379148955, -1.1121259261323186, -0.1578959975346361,-0.14970534603746527,-0.16823950311003516,   2.172007383840465,-0.51545297289363445,-0.11714470168514943,-0.37939992562081393,-0.41213817716831996, 0.75470845401458697, 0.16249134392698822,-0.094422298702784707,-0.29326856554118258,-0.095990299986027303,-0.094394768866554443, 0.39991524663324712,-0.10289140104281806,-0.099865601646577262,-0.18186033956890099,-0.14055123439143866,-0.14120897047177478,-0.098399984901003684, 0.13367220684413658,-0.10068407869422864, 0.76396746163665019,-0.10012844624262492, 0.64348374378262763,-0.35319347575824528,-0.17255482103647812,-0.099702144351422842,   2.411592117307837,-0.099503547724312247,-0.095199308195365692,  1.5487983592827037,-0.58337747655084293, 0.87437026275362417, 0.16931829230415599,-0.23347686749565377,-0.11792921445593707,0.087375497085830603,-0.21683332830453086,-0.095548794991135208,-0.22787145755049606,-0.23991830929274791,-0.050628808558454523,-0.49367961130565002,-0.20612104956979119,-0.11308850403545162,-0.15258064711866842, -0.1133664901473372,-0.10257965435122007, 0.67270656134701656,-0.18135216982452346,-0.15250397549133726,-0.38773636495701641, 0.20863672159892357, 0.30951946370652278,-0.13138034575572641,-0.098456332685804851,  -0.600266970774884,-0.36276320862744788,-0.12632602609978025,-0.77947112621031422,0.067673437374360518,-0.32052237530201511,  -0.118688832802344,-0.14118445997964438,-0.22964903124084718,-0.091880109744331542,-0.11718773498128193,-0.096311717685244755,  1.3395172248636018,-0.62032070799158956,-0.22061931034147905, -0.2304067246525148, 0.45900003441230408,-0.32822315271586233,-0.26311071811732761,-0.10201984131768402,-0.098485936235819804,-0.12205634035514851,-0.11492137958370396,-0.14326877683609252,-0.62081553744397644,-0.59567158581364976,-0.63579926018847144,-0.27040298347016994, 0.88779127907927669,-0.0068281655316606822,-0.099610919652995067,-0.24347001398180235,-0.10241472803039582,-0.41397878474143152,-0.31138495533831601,-0.097522717039700571,-0.50567445550497137,-0.15839829823151391,-0.13853424747323273, 0.81423191733339406,-0.31162377949829917,-0.13870554595658957,  1.2839796835891455,-0.12736815630880705,-0.096422308152667835,-0.15965480261002041,-0.23844896675913246, -0.1065079220744959,  1.9064489707329479,-0.080986776322710743,-0.12328523870965771,-0.094170205015517733,  2.1647929149728551, 0.30063204072712191,-0.56486530295396908, 0.45570770831353991,-0.17820034346280653,-0.058769353192950929,-0.86110898579011153,-0.30456522160678723,-0.09188010974433132, 0.39334379043011258,-0.12214406701965523,0.0098644633707865113, 0.74068693825067689
A*23, 0.99190769031036319,-0.088523993702621664,-0.082400880922146105, 0.90944556618301176,-0.062533011619393966,-0.51341304422281919,-0.13336489685381986,-0.53926872928578884,   2.320889254437227,-0.10425743145664856,-0.45768461170677971,-0.10342584880501318,  1.5900192579389287,-0.11772168704801193,-0.13163975146192072,-0.063866014019709927,-0.19352468234624781,0.032430955357269114,-0.10264198121830338,-0.34060415620324841, 0.22770966872907827,-0.26222170371742631,-0.012320462927555302,-0.082517954565899998, -0.2614497129325028,-0.076095632303222804,-0.082493631036983692,-0.18050949901593294,-0.090007347853870212, 0.68580842836737088,-0.15906697805651049,-0.12346884084477094, 0.10476549052118385,-0.086033865845138724, 0.36669011805827673,-0.088054124080832796,-0.087034406776014359,-0.087562578884418568,-0.086438556859326679,-0.31643279443823724, 0.38587645049217251,-0.087185484751026707,-0.80652063268726748, 0.70995991731712349,-0.083204522700040792,-0.26862836702706605,-0.55310550867128727,-0.10314308162024617,-0.11005195957907565,-0.12724263004097469,-0.10333846462253984,-0.52826521643140611, 0.54475347883654912,-0.083513368438154101,-0.41430218038486788,-0.21286992425583987,-0.12829184398874227,-0.48010151239361393,-0.18229467914453568,-0.099042682003896362,-0.13420912443210151,-0.099289259599016078,-0.089731445334768054,-0.08659663169147308,-0.15999361906535778,-0.11570345613526908,-0.34830827056702107,0.079814562635147954,-0.81563423852103789,-0.11529729352644748,-0.08608369319755399,-0.56002357422636095,-0.32906824482085462, -0.1107999674363505,-0.43691894149237809,-0.31098458067549439,-0.28640430502448955, 0.72977108861418616,-0.06999353717889456, -0.2035625206650663,-0.080272453743220951,-0.10268018170074665,-0.084187658538132704,-0.70599495955337432,-0.57525099929233381,-0.079439449192151262,-0.27365969834958154,-0.25688177406933377, -0.2749850206194181, -0.2339429145179184,-0.089236007792760683,-0.066413267542258403,-0.10700431528571619,-0.10066873090196386,-0.12589303511694014,  1.0031576225859444, 0.38345818541302035,  0.8925426264133518,-0.24058351049291524, 0.38393500843051331,  1.7760336454099628,-0.087104791261307629, -0.2160923709757846,-0.089585480908717818,  1.7699624579033546,-0.27043751205302691,-0.085258187494579862,-0.16171009245984125,-0.078692140705583252,-0.12167040564703102,  1.7346903682960293,  1.0775600151460247,-0.14723604177215627,-0.78860403206794982,-0.29843076266592766,-0.084285408277433985,-0.14053644703271848,-0.18724802869281346,-0.093209709270850982,-0.93887923706167087, 0.45508658632488674,-0.10809643304086299,-0.08229522685305557,-0.24797149290573661,-0.32068811790598373, 0.51963164564308517, 0.61182108380728151,-0.50222401601406752,-0.085458417764103095, 0.96920121054235353,  1.2909005668972313,-0.080272453743220659, 0.38106804336437433,-0.25689701172293894,-0.081323656502548636,-0.13130596912499931
A*24,-0.45284907418099096,-0.37816771321847248, 0.35322532848301957, 0.16078813223972047,-0.44796740228765769,-0.53356367195586818, -1.3889977958754645,-0.23465389219511368,-0.44457604204431739, 0.29254254145072534, 0.63532104018536362,-0.36377072351996359,-0.58515513894741311,-0.45998564346450765, 0.17981125741469495, 0.55582511528291179, 0.76971576678442566, -1.0570740444752413, 0.46879612002922272, 0.50907294114313084,-0.91667402374688589,-0.049300872894851799, 0.60066946051555137, 0.24010502928872032, 0.53464592559813018,-0.30646906278468178, 0.29280816112038005, 0.18242522502663505, -0.3247775503807554,-0.31679221390140955,   1.515483582180233,-0.41437870770908625,-0.42075279860117665,-0.31290111112330476,-0.31190825396262012,-0.31895842887951897,-0.31590608925742142,-0.31748845085180283,-0.31411776800846247, 0.36138483565403284,-0.57072428413990339,-0.31635919807261997, 0.26706818651487524,-0.31583245231563417,-0.30434810072255319, 0.30998435052080925,  2.2324749809638011,  1.0050132103628175, 0.58384684881875182,  1.0636528726226764,-0.29926864038904111, 0.93015772737402502,-0.16598983056620553, 0.26912668492398101, 0.95071965274415371,  1.4756404548187463,-0.43205650898147258,  1.1565865552638803, 0.33876887642033171, 0.57648087285964222,  1.3198993749714065, 0.31462503535946901,-0.32395749372166738,-0.31459254518029922,  0.3816735098136092, 0.15870364437111534,  1.8389044377885531, 0.40214546799602763,0.035539184171664739, 0.65739887183265533,-0.31305099540238224,-0.20662271298666998, -0.2433366094604284,-0.38452644985148587, 0.84544079134694483,  2.2258694734177746,0.044641684193219643,-0.36543984818227448,-0.42069428197316611,-0.48842869891737412,-0.29539619175443999,-0.33131659671285446,-0.10143847087915001,0.020509217094720464,  1.6786836773895852,-0.36187574500517145,  1.8419242662309778, 0.84319908775446706,-0.42232368990359048, 0.32356489017558931,-0.25052443511212857, -0.3131297473048904,-0.37389958184978467,-0.35589178731691035,0.0058755891057644281, 0.54215938830444643,-0.65069907786682146, -1.3316881835195424,-0.69612956846746221, 0.26136963754336784, -1.5975899477487876,-0.097435128662878429,  -0.179046001930078,-0.32352358435262857,-0.34500968452351166,-0.18774371252496599,-0.31056448200076486,  1.8315767484196901, 0.94915615518093033,  0.2105553687280855,-0.61000367728733695,-0.10897613601385742, 0.95703833290701545,-0.083381355199388246,-0.49547947315831037,-0.30762538658374439, 0.14596041843716812, -0.2993850280949078,-0.33423418526882248,-0.51936425111078011, -1.3885248478240433,-0.37696941336378104, 0.39485135809577537,-0.16989062625949733,-0.46289527079478293,-0.33143904706513044,-0.46437447389952197, -1.0679751950909515,-0.31116825996044173,-0.95484155565788065, -1.0091386419914112,-0.29539619175443999,-0.60348158380769912,-0.72120979356496684,-0.29861620275438866,-0.85139600816276517
A*25, 0.04980913092813747,-0.17081755322821993,-0.017368191208522243, 0.11058976046464852,-0.029465223390118891,-0.22214842411622687,-0.20455001658319041,-0.39600721566673797,-0.030536296783011518,-0.022348927390076698,  1.8569184998635588,-0.022156501812542109,-0.38951670222590301,-0.030587126077430984,-0.028815090491169794,-0.032855207602145789,-0.044369986311628744,-0.14269203074211023,-0.021975340853205405,-0.086713868892901905,-0.096393649444640656,-0.14019279146885386,-0.084161914784947556,-0.017394445779161355,-0.062973937784284534,-0.017705531150421634,-0.017388990831017689,-0.040989138797804178,-0.019083309591318178,-0.018477520944802411,-0.032976561800976648,-0.026859143417310424,-0.026998735351555343,-0.015934412356016357,  3.4982180604746556,-0.018641141634957867,-0.018410762649458044,-0.018530034394931803,-0.018276286675458595,-0.07922722736164961,-0.042225153005862784,-0.018444850856815083,-0.22858486105162451,-0.018405203821663895,-0.017548498297540013, 0.16734311590778833,-0.16159075253475069,-0.22015428606669804,-0.055863814875014496,-0.047940321091751156,-0.022136290583745191,-0.21411658462181907,-0.043962513072565934,-0.017617852819026118, -0.1397819386169564,-0.049503870363587922,-0.028010834884056243,-0.0093599720918270905,-0.041449393074980974,-0.021146111368265368,-0.029434848476296974,-0.021202778302203074,-0.019020793527175325,-0.01831195049993594,-0.035778683756568924,-0.029418256658914985,-0.089144207109650347,-0.14336969271776828,-0.30127538442785257,-0.024925518431251445,-0.018196270301773003, 0.57877147937560414,-0.082791816957593897,-0.023870873424982467, 0.15485110296330712,-0.15904095109488808,-0.07021730215387316,-0.022292309143350526,-0.026993529218049869,-0.047017372228618508,-0.01689165706462269,-0.021984157872182199,-0.017769388610561838, 0.48226004705375419,-0.30165033381398304,-0.044859521529416121,-0.066490429750593522,-0.061671938178815291,-0.08280602779887751,-0.055245024554692462,-0.018908537432338255,-0.018202171563684231,-0.022986179241624806,-0.021520201181394121,-0.027436966101770353,-0.23466140434800162,-0.15746919416768573, -0.1860010681729653,-0.057086495081975761,   2.490153925511926, 0.10492869109770463,-0.018426621532346279,-0.050371694222151535,-0.018987716309275104,-0.37847581445677064,-0.06776130052079582,-0.018010270330290241,-0.12814524366469282,-0.030696661997853033,-0.026431625176980143,-0.42350767945132972,-0.22753581450658739,-0.032611558046139584,  1.0937062497345007,-0.08646475809011181,-0.017791366397300789,-0.030970553088011478,-0.049304241418924602,-0.019811455961540839, -0.3620690929058043,-0.39607438574849252,-0.023240199855211783,-0.017344501169750875,-0.25666580965619673,-0.080530061946227707,-0.19943651867032838,-0.04004637134320517,-0.18422246809057011,-0.018055362498774822,-0.34617985601746526,-0.17890074132291431,-0.016891657064622687,-0.04673838538493779,-0.061676264435089008,-0.017126813280154932,-0.079721621225542605
A*26,0.0054780100809657091,0.092600197654977748,-0.066559865208834154,  1.2446066342710798,-0.10949154764419881,-0.45802850261336836,  1.7506090345792753,-0.14958025169249087,-0.11317518899035668,-0.08454158309187039, 0.17421774638150536,-0.083855090694496315,-0.68995357617915154,-0.11335004208890016,-0.10724620663368409,-0.12109031078847884, -0.1592320209984314,-0.43067873033616416,-0.083208159124845402, -0.2756386843526572,-0.31259312316272536, 0.20751267592703299,0.053574129215840822,-0.066655838430925679,-0.21726027433553846,-0.067792007811669677,-0.066635898504208965, -0.1482251629345756,-0.072803083277754102,-0.070603895823358603,-0.13133641467898288,-0.10045110756569071,-0.10093839259359641,-0.069539817815072735,-0.92343607125043259,-0.071198474594486874,-0.070361140140639558, 0.75343978116665522,-0.06987198079282711, 0.44840316115396317, 0.54001317392613568,-0.070485163782203097,-0.20998680132995709,-0.070340957882248034,-0.067218735596616841,-0.56860625592788816, 0.86470300020621349,-0.32078908041331422,-0.19556256036397043, -0.1391287071554537,-0.083782962105875755,-0.50420978413908923,-0.15791361455812861,-0.067471993374262212,-0.34341059604623014,-0.17566082741428996,  0.3919870185770139,-0.41102626650927021, -0.1497326300738786,-0.080239704201892276,-0.10938639310381769,-0.080442953594177025,-0.072576376013160318,-0.070001741813260271,-0.13095309073179287,-0.10932930380254083,-0.27258846529128417, 0.62278254581244441,  3.1681945810557202,-0.093672384810438908,-0.069580713290636031, 0.31082972050055152,-0.26841229761932706,-0.089948914275377101, 0.36398414206640561,-0.36554216753982549,-0.23880905989952772,-0.08433972884014912,-0.10092024065877993,-0.16774648104293508,-0.064815704693765117,-0.083239679876597139,-0.068025018013719893,-0.066714864454559236,-0.97338731292210912, 0.50158533842217756,-0.21364271790635334,-0.20855024826823551,-0.029201114803977326,-0.19364712548147145,-0.072169286098409585,-0.069602198344947741,-0.086810494165201466,-0.081580334197652773, 0.65022173811026585, 0.19160702436660751, 0.49921519519097229,-0.30595451652044053,-0.19933394679657443,  1.4878536974336389, 0.41130224503748591,-0.070418905584547248,  1.2218990500345612,-0.072456436210413519, 0.41416636470559265,-0.23156284919398282,-0.06890326804601056,-0.45864036390946811,-0.11372518304407289,-0.098957753443485549, 0.49026790902699557,-0.18714797596781893,-0.12026231696070998,-0.074672444595212259,-0.27556426425449304,-0.068105196454159078,-0.11466377864814793,-0.17502848613151184,-0.075436394168144461, 0.10707195149494889,-0.35661386114641086,-0.087713102483505292,-0.066473256563140501,  1.2017722180414188,-0.058330620190444583, -0.4831490102246177, -0.1451284677878103,-0.52370541181434527,-0.06906756692875253,   1.045641458007224, -0.1846043760271481,-0.064815704693765075,-0.16685356613048638,-0.20973822587380747,-0.065676960406052448,-0.26630003566918731
A*29,  1.0537424895482856,  1.9406681233418239,-0.058929268454851975,-0.47295987194057248,-0.097374921592889199,  1.7609186015588867, -0.5250794506432459, 0.32219802961657895,-0.10068821915866176,-0.074993157392295076,-0.44250038484651755,-0.074378832335901854, 0.25876634170898916,-0.10084551025018888,-0.095356436409954545,-0.10781499555465665,-0.14229527178921828,-0.39295391424771281,-0.073799987098513056,-0.11235077788110132,-0.28292369386810351,-0.13645925457041339,-0.14718339081000117,-0.059014851768503934,-0.19515706540172253,-0.060028148893812736,-0.058997070391711141,-0.13220166722902307,-0.064500022913878449,-0.062536937002038745,-0.11705547553407791,-0.089252926075138891,-0.089690350805957511,-0.06158739383008896, 0.25644345814066632,-0.063067605452492681,-0.062320295351085915,-0.062707313479981527,-0.061883779505050765,-0.12627415686932555,-0.13598259000589705,-0.062430969611340099,-0.64998932324644532,-0.062302280980221697,-0.059516841763186078,-0.095446040565512091,-0.28484417997681122,-0.090727929719534195, 0.61028693822016866,-0.15269854974732469,-0.074314290087440504, 0.12020426732512361,-0.14109976524592424,-0.05974271615773101,-0.34583621255817037, -0.1572138792983537,-0.092852825707828282, -0.3371153149572414,-0.13368708468621329,-0.071144879179751916,  -0.068957425451179,-0.071326623740472134,-0.064297622354195519,-0.061999571336236917, -0.1042910493011603,-0.095438810448944852,-0.16115843726827861,   1.466703498319007,-0.20976543877080239,-0.083171841686703357,-0.061623883622866867, 0.85822944659775857,  -0.246140417920965,-0.079834889893719937,-0.54883323044710353,-0.36971515262929716,-0.21490105958374603,-0.074812508985437357,-0.089674056964459931,-0.15002218107478874,-0.057374218316597864,-0.073828187156238345,-0.060235988535790264, 0.39589130515177806, 0.30476464921318996,-0.14166692213115464,-0.20479680295987587,-0.19156114065863114,-0.24822757412131313,-0.17340085825790116,-0.06393418177977031,-0.061643054021929121,-0.077024130571080471,-0.072343803568578183,-0.091061351543121546,-0.09177518177386515, -0.4258582743297224,-0.47515626845632902,-0.17877770412468516, 0.57279438798046556,  3.1163070457187159, 0.58489767791223046,-0.15970984439522656,-0.064190541063261261,   2.023810936140924,-0.20825525705798725,-0.061019456434763426,-0.28094480078241985,-0.10118310609371205,-0.087912594008249342, 0.41802330313026592,-0.20696272247730302,-0.10706900595817299, 0.10915019947848634,-0.10986393325794012,-0.060307507624405864,-0.10202777343449559, 0.59395727022999034,-0.066851889454100186,-0.13106102796459149,0.037758271740616869, 0.66509040508578476,-0.058852037316654872,-0.59544020714877377,-0.24229036359737083,-0.063224009096400122,-0.12951972994317359,-0.48353927066507402,-0.06116603811669713,-0.38113912294930002,-0.47936671006070708,-0.057374218316597746,-0.14921138242103019,-0.19157310322427901,-0.058142020036879745, 0.48432894337039184
A*30, 0.28732613513393718, 0.80550654005997102,-0.11822880182473809, 0.25762679668781924,-0.18912404605881833,  2.5896443093287043,  0.4715923220608299, 0.91066500468004763,-0.19504914822884065,-0.14835639383258148,-0.74340334424268339,-0.14721819956564697, 0.42218437802560327, -0.1953299925612185,-0.18550111118204565, -0.2077036265792182,-0.26662389295534639, 0.52738541938285333,-0.14614474262924712,-0.45277771757706797, 0.16657461780872856,-0.61573404925362807,-0.29587204920810639,-0.11839138944975855, 0.31108171165916171,-0.12031467369968181,-0.11835761104834795,-0.25033720158682915,-0.12876510658443466,-0.12506280895061492,-0.22393430569458064,-0.17448311504226577,  1.6428846843808833,-0.12326795872980841,  2.0098297148728044,-0.10996100308167259,-0.12465352658433339,-0.12538459631058912, -0.1238285135865011, 0.12878696790312477,  1.5021825653581129,-0.12486270662244638,  1.0909158185265682,-0.12461952598496222,-0.11934461652654389,  0.2158421598040573,-0.66479157635798958,-0.73478643232978413, -0.3151100212926421,-0.21933206633539268, -0.1470985591748217,0.088360776903879543,-0.23995787418838357,-0.11977326428835018,-0.60733052126506937,-0.29237332688485274,-0.18099321815568767,-0.61936347075903986,-0.25267366709978806,-0.14120861845304702,-0.18895464232376172,-0.14154715628885703,-0.12838383347426607,-0.12404741734478052,-0.17186103597563654,-0.18886256530108558, -0.4548644276837091,-0.57267350687898533, 0.43482965889509495,-0.16340889586825635,-0.12333698386853632, 0.52506780501886496,-0.43859994443864292,-0.15230377858449129,  0.1209143404091811,-0.39352441982415332,-0.38567297308224652,-0.14802184431040136,   1.086112032407903,-0.28035006165105142,-0.11527055324583749,-0.14619707108034952,-0.12070876480925728,-0.69276409019374319,-0.74536062317099283,-0.26871348625158464,-0.36405831902745184,-0.34855513802982646,-0.42733137986116992,-0.31940715135500047,-0.12769913899752644,-0.12337324821118119,  0.6555730444948149, -0.1434400630746149,-0.17775762484881108,  1.8143614736818923,-0.17489627005997491,  2.8420289648449399,  2.2701877848970469, -1.0876969364990341,0.086355529307642162,-0.12475102179386847,-0.29652392488397689,-0.12818212623880759, 0.90453846857809994,-0.37376124172747616,-0.12219311994069847,-0.24555393838169115,-0.19459029147285833,-0.17171525201147692, -0.7046540210093214, 0.87597185990854065,-0.19960560405510122, -1.0607072888425393,-0.02764628277714179, -0.1208443525904369,-0.19743696609151484, 0.87474676367745186,-0.12621394918304543,-0.42971216741705087,0.045301538680927046, -0.1536029044578088,-0.11808206146131336, -0.7025322952005284,0.044756788490736228,-0.82357479953135082, 0.48048132472578836,  0.6642800817921013,-0.12247063455730291,-0.24920880640076673, 0.11771456110532608,  -0.115270553245837,-0.27898824520369675, 0.42784152034483686,-0.11673217017680389,-0.37782770780324049
A*31, -1.4307506354030557,-0.76423946686132649,-0.12799367487036181, -1.3188117930000156, -0.2037511782951727,-0.46169489141249981, 0.12714674817413055,-0.65305908234966159,-0.21005499741897271,-0.16026555115180255, 0.86084881616646414,-0.073875361850083268, -1.0078892759979963,-0.055850398587787412,-0.19989474696835108,-0.22350512342750681,-0.28664879340267702,-0.57747375712180438,-0.15790057234967783,0.096565353699283346,-0.51632314113113231,-0.60611055490868304, -0.4706864223484199,-0.12816816501620598, 0.23719633227833756,-0.13023197185560892,-0.12813191418418043,-0.15325380165507069,-0.13929383452281074,-0.13532483132096246,-0.088427880113011351,-0.18815718826966801,-0.18900224346976938, 0.69290719766660192, -1.3090135124918385,-0.13639905408047057,-0.13488595330365111,-0.13566987289984953, -0.1340012221033598,  -0.450085013076439,-0.27531164389663426,-0.13511027131143563, 0.23857022550023327,-0.13484949684284639,-0.12919110424614225, 0.63177015326039909,-0.21940103638019459,-0.80560280557735542, 0.47815927009030063, -0.2040131213915625, 0.47486288180903236, 0.63833800457136036,  1.3907219841726957,0.035696581091348725,  2.3522114237704863,-0.31307749731511375,-0.19509415600059882,  1.7491190744659046, 0.77579707526171182,-0.15261996567946537,-0.20357092007168209,-0.09825677597071221,-0.13888516815121327,-0.13423598025353747,  1.0838322807106828, 0.56100247825182192,  -0.222940238390858, 0.14870268562483566,-0.66667659951525737,-0.17634515557710134, 0.67493781617214887,  0.6921959397833547,  1.0401083514693366, 0.62009859103886478,   1.517444508010761,  1.2339169275661976, 0.53224126917947023, -0.1599078470245317,-0.18897074072332731,   1.366748842066063,-0.12481820748897512,  0.6160236900472954,-0.13065479170385641,  1.5047941713509281,  1.4427420318576314,-0.25685322975642555,-0.09462884160690016,-0.049269721227669615,  1.9087687249986245,  1.8625172701536434,-0.13815126511422382, 0.67800863625002683,-0.16427973113631589,-0.15500753307963569,0.085814167924651158,-0.86968527169259191,-0.48430536020658604, -0.8147142174117914, -0.3504395985705927, -1.2271858757901417,  -1.128195063289182,-0.13499051318286784,-0.31745119934029192,-0.13866896884008331,-0.70625270172806698, 0.71601719093471194,-0.13224716662833141,-0.092444739081563726,-0.21099376656725985,-0.17207294689793379, 0.17481624985861161,-0.021937798157450152,-0.22210404132521808,  0.8205561641309177,  2.6518889759984048,-0.13080026075414816,-0.082987024268023221, -0.3120678553593379,-0.14402842339673924, 0.52373512438041026, -1.4484747815635577,-0.16587328689530884,-0.12783618878126632,-0.55310315986120961,-0.45557484325804443, 0.34004650286617732,-0.14031557915513104,-0.79260473067196124,-0.13254484388956012, -1.1995881859581929,-0.73831293047957369,-0.12481820748897519,-0.29896262204980928,-0.37217784713258045,-0.12638730556560776,-0.45217268471140115
A*32, 0.16437876666053597, 0.25840383672435296,-0.080865286709578169,-0.18018860877075774,-0.13194463917829691,-0.050682771291484255,  1.7913089037199359, 0.29858151161978863, -0.1362930263316999,-0.10235233118448848,  1.2362893554019605,-0.10153454375980461, 0.29845108186735281,-0.13649937214325247,-0.12929154857874425,-0.14561931373679096,-0.19024893523809261,-0.37402883261627512,-0.10076369895228444,-0.18250310029432398,-0.36526696781003171,  1.0265102717333168, 0.27023077422480379,-0.080980341969786443,-0.25725944625657321,-0.082342102021280936,-0.080956437763145372,-0.17742085880401101,-0.088341492229004115,-0.085709872152531577,-0.15765804374433909,-0.12125063252303546,-0.12182786348266389,-0.084435838182670128,-0.15433234089901801,-0.086421553182828306,-0.085419256202632687,-0.085938400400469142,-0.084833599007099927,  1.0567824079708654,-0.18213635603929562,-0.085567749510545896,  1.2383440755144504,-0.085395101854244357,-0.081655081761568937,-0.066938677860096732,0.087936390544393617, 0.39434086621542164,-0.23231904640838308,-0.20356443269635016,-0.10144861028917676,  1.2211635163956549,-0.18871445977462781,-0.081958611723945418,-0.48905029339409994,-0.20932340782692865, 0.14141436363120274,-0.32448354809000918,-0.17918013270111152,-0.097224429950973495,-0.13182042434443386,-0.097466882561475995,-0.046246288460969676,-0.084988968696913719,-0.15720832433775495,-0.13175298364382712, 0.25418255925479194,-0.30260755651470467,  0.2655881503967471,-0.11321096849566567,-0.08448481204261632,-0.097661057524783254, 0.15593591707318019, 0.68492773639024118,-0.048642388237136687,-0.19030365459216231, -0.2819020586185933,-0.10211190194117534,-0.12180635781201862,-0.10987499991881242,-0.078773628068402435,-0.10080126411820339,-0.082621307050628451,-0.54413041187429056,  1.3624284242533107,-0.12993699523732066,-0.20585924304937778,-0.25274994636251391,-0.32307430077268556,-0.21522203969583187,-0.087583282075998872,-0.084510541369184192,-0.10505379155026892,-0.098823311423820531,-0.12363606760445023,  0.6456686176594052,-0.11198758429271502,-0.60619722421178901,  1.5902766218490383, 0.48688429934507949,-0.52117816567343644,-0.085488434868072533,-0.21250158223812973,-0.087926805666285621,-0.54871647786896227,-0.27362901792453492,-0.083673455854757772,-0.47343475306656596,-0.13694183522911255,-0.11948106111594402,-0.25053058100134512, -0.2010255658177528,-0.14464477381371829, 0.83259254496164992,-0.33278708962039388,-0.082717376905635839, -0.1380487906362628,-0.20859073942113546,-0.09148956700306092, 0.42737289484223878,-0.63974990542663412,-0.10612790882919923,-0.080761454489881049, 0.23575963883342188, -0.3047685045449669, 0.23762754430923141,-0.17380447643365954,0.037284894380083991,-0.083870251976016802,-0.57178356007924158,  0.4156620513214796,-0.078773628068402296,   1.667079974702353,-0.25276498581845558,-0.079806652763275893,-0.31316902784257944
A*33,-0.63691324554680351, 0.75815188560494229,-0.065287260932452768,-0.68165428007001927, 0.70795913053713011,-0.076309354716437058,0.0020538938136386471,   3.160616229939702,-0.11110039174872577,-0.042320064684961751,-0.94005342094328981,-0.082276933906546043,-0.14493725785492781,-0.11127235406274125,-0.10526974955205866, -0.1188858257783449,-0.15642707116737939,  1.8181291349707518,-0.081641259116480167,-0.28024866809191423,  2.8288793696550658,-0.41853481770707662,-0.27047062451234849,-0.065381511703162684,-0.21361300222712631,-0.066497313180496023,-0.065361929620228118,-0.13983796445301167,-0.071419052427596635,-0.069258974131282749, -0.1289667073694522,-0.09858863919051597,-0.099067702651893616,-0.068213873140390874, 0.50146604391194693, 0.81298878332613589,-0.069020544953080729,-0.069446479237313397,-0.068540107894505348, -0.2119330584346277,-0.14956900236661355, 0.34030617778594541,-0.68157673043760836,-0.069000721843878676,-0.065934312119280275,-0.19087882429629319,-0.41810631075393345,-0.49279155946490349,-0.19222080548818146,-0.074706626749152294,-0.082206059528530648, 0.36678579128476407,-0.15512877190072388,-0.066183030772980933,-0.41371720660694894,-0.17260907569801667, -0.1025300803211623,-0.22471922343704939,-0.14707355807489073,-0.078724624851366096,-0.10737431852016996,-0.078924317040418648,-0.071196370918661572,-0.068667554348437576,-0.12858951258924101,-0.10731817770945785,-0.28609700197485788,-0.046477151553855726, 0.14395837400819023,-0.09192501888648294,-0.068254038588441646,-0.52148125941161572, 0.29837118732358853,-0.088265370278628658,-0.62094479751347809, -0.0473351959227295,-0.21297526881523796,-0.082753147281185713,-0.099049857141605205, -0.1648127660584125,-0.063574456221713621,-0.081672230829832826,-0.066726151474640144,-0.47171020819397713,-0.67135967249091544,-0.15798429624843768, -0.2208836581127665, 0.54712978581197536,-0.27063174031372778,-0.19033286184374407,-0.070796510456352282,-0.068275140099466988,-0.085181081820074847,-0.080041816856607814,-0.10056895294119983,-0.20663724163759237, 0.14474681697666444,  0.9929679262585609,-0.19593830099496842, -0.9413774190318821,  1.0626691436593567,-0.069077278975607059, -0.1753129777979345,-0.071078560782764977, 0.21208248396772078,-0.11290095062704121,-0.067588693159568822, 0.27762960450562463,-0.11164131549608597,-0.097120522025008524,-0.081472981699945379,-0.15357569068598087,-0.11807131524106726,-0.90813484004287448,-0.28076552862502335,-0.066804894682950644, -0.1125644531169248, 0.59824259330355378,-0.074005762633252231, 0.38253812098279322,   1.266834073727533,-0.086068088615483512,-0.065202206926533182,-0.67254520477142987,-0.25769994582164862,-0.55752186157567984,-0.14254096025769453,-0.51219648846299148,-0.06775005599529374,  1.0979023594386457, 0.11109436302805265,-0.063574456221713621,-0.16393327163380089,  2.1732016907060321,-0.064420215463375965, 0.98942238664890081
A*34, 0.62962140225951202,-0.13815500115118862,-0.01364632578720599, 0.92180679663908982,-0.023209890910355638,-0.18117095976472888, -0.1663551750306172,-0.42748177721561093,-0.024058940100289854,-0.017578203868164884,-0.34955997317788495,-0.017426149182231562,-0.11504702356346753, -0.0240992190744998,-0.022694722433109705,-0.025898380817846598,-0.03505753759167176,-0.11485214703497017,-0.017283008183267588,0.017979748725841273,-0.068915974790887777,-0.11279112505440231,-0.067020611405469541,-0.013667030183129024,-0.049942309842910634,-0.013912371148600632,-0.013662728408080166,-0.032364000112356156, 0.90589174041060638,-0.014521343512210017,-0.028310740594569152,-0.021145601567031318,-0.021256121242575667,-0.014290600191299256,-0.18830710887828661,-0.014650437898704769,-0.014468675243920204,-0.014562774341940206,-0.014362584072791474,-0.063031349027156611,-0.033348314655556641,-0.014495567351862035,-0.22773521522947718,-0.014464288880443875,-0.013788520628244332,  1.0073062909191048,-0.13048870469227675,-0.20331415575599218,-0.044241124510743107,-0.037905888280591236,-0.017410178482082136,-0.17775314493568417,-0.034732706708233307,-0.013843218712444419,-0.11245247962720135,-0.039154510908156165,-0.02205758979223426,-0.10888978745933167,-0.032730480049266715,-0.016627940779311692, -0.0231858266828672,-0.016672698545804495,-0.014950007844571688,-0.014390719483215811,-0.028219834074987765,-0.023172676051635858,-0.071055473160111154,-0.10485599583327466,-0.24859452117866013,-0.019615380003358579,-0.014299461365396201,-0.14169077290038465,-0.066173498030039579,-0.018781260609541366,-0.18979409608676098,-0.16785098816186494,-0.055765900230430494,-0.017533460715380689,-0.021251997849389158, 0.47648314973043349,-0.013270567382240269,-0.01728997375093027,-0.013962736638631856,-0.18427267252996052,-0.36872529485750788,-0.035447837727239237,-0.052767587186493492,-0.048897164073487945,-0.065923817459333081,-0.043745700395917353,-0.01486142442005586,-0.014304116655022153,-0.018081843696863529,-0.016923434350688483,-0.021603106508990711, -0.1917468629861151,-0.12707094870917396,  1.0199571974016448,-0.045220444542408547,-0.13223282390069241,  1.8548322328232101,-0.014481184779815184,-0.039847846017059818,-0.014923905777592898, 0.40984570370423112,-0.053789522972327974,-0.014152737489756491,-0.12864769337667911,-0.02418608891709571,-0.020807173360539277,-0.35112875266305982, -0.2188858328697588,-0.025705033317994414,0.039036657313501401,-0.068884673184770942,-0.013980071324741784,-0.024403273704127457,-0.038995025605600371,-0.015574069908751487,-0.30313469180341102, 0.23222104567307894,-0.018282637261385633,-0.013627643929581077,-0.21166132295690729,-0.064083903746055743, -0.1466749192694945,-0.03161352226937824,-0.085849945581557327,-0.014188306728269979,-0.29105632266693721,  1.3839832117221726,-0.013270567382240269,-0.036946530438794124,-0.048900640687728078,-0.013455983551641631,-0.063430687357377863
A*36,-0.35379166395243422,-0.07604900662087577,-0.0071058155763704008,-0.24306149211621714,-0.012140493346068025,-0.10149530393589504,-0.092641285368096252, 0.34068733197594381,-0.012589653151712232,-0.0091702862034997272,-0.21014935185545502,-0.0090903066919207094,  1.0748625359560291,-0.012610963517698059,-0.011868156625657201,-0.01356393012689725, -0.0184397248197576,-0.06260156203893065,-0.009015027041142978,-0.036908102131064539,0.059157107648699976,-0.061424001419102946,-0.035771302353495647,-0.0071166665833128726,-0.026450067286058695,-0.0072452644780347112,-0.0071144120529441799,-0.017001614321950916,-0.0078153560591038423,-0.0075645891183522022,-0.014844180193946038,-0.011049992013072617,-0.011108298321836026,-0.007443574266007222,-0.28499919013255531,-0.0076323050161629553,-0.0075369650598701094,-0.0075863200601342679,-0.007481323362002433,-0.033581611935819919,-0.017526711264032536,-0.0075510684233269986,-0.12991720460211356,-0.0075346637544672053,-0.0071803425832096292,-0.27940403103671985,-0.071598417347200793,-0.11109831763111219,-0.023369301018436834,-0.019964324479517424,-0.0090819064650829381,-0.099444546062494199,-0.018266090893180133,-0.0072090138994739998,-0.061230736338784023,-0.018335995990115903,-0.011531498795035856,-0.059200065175413527,-0.017197068529945219,-0.0086706454199325985,-0.012127792112912371,-0.0086941685599345314,-0.0077894712738630807,-0.0074960790001107874,-0.014795863580906959,-0.012120827958913909,-0.037993704864580584,-0.062921492287352651,-0.13790793739604873,-0.010242921998422656,-0.0074482210681759602,-0.08339668167771859,-0.035305729993837971,-0.0098034783763772879,-0.10669117563701135,-0.093530955702293625,-0.029613021146279644,-0.0091467486142570269,-0.011106122075036239,-0.019569563155397703,-0.0069089193198566008,-0.0090186895310012064,-0.007271667499464016,-0.10336065014743834, 0.10434694538042641,-0.018648412112955232,-0.027982565911082852,-0.025884110310926162,-0.035168586137729843,-0.023102370547918714,-0.0077429911963899697,-0.0074506623024032329,-0.0094352760448448026,-0.0088259665920521965,-0.011291473577520875,-0.10787214995627918,-0.069622613508854514,-0.083455301023609901,-0.023897423531720977,-0.23515845583628511, 0.12334765281897027,-0.0075435242347219504,-0.021005988788331098,-0.0077757752263965399, 0.59162653949438437,-0.028537722081894847,-0.0073712834026321197,-0.070533520334359973,-0.01265695441056044,-0.010871387171877443,-0.20466088406875999,0.041014170509493901,-0.013461459266133268,-0.33986617859109075,-0.036797099358834434,-0.0072807551562701703,-0.012771905666057749,-0.020548291593175099,-0.0081170467397892361,-0.17776195116739046,  3.2079186380403013,-0.0095409550628565935,-0.0070960247213903756,-0.12000566771910331,-0.034158642099031328, 0.45603732244971784,-0.016601514929016348,-0.082671964533868519,-0.0073899337568617968,-0.16995217782093783,-0.082796569205456416,-0.0069089193198566042,-0.01945031548514373,-0.025885989780991811,-0.0070060674689365679,-0.03380042468142274
A*66,-0.72418603646794033,-0.22535006017807332,-0.02403601333120001,-0.57772214007280043,-0.040595946907854688, 0.41177837601025424,-0.25351573365427726,-0.62519683717525365,-0.042055266824237332,-0.030871705442255044,  -0.479298884738451,-0.030608074402729179,  1.1594333125733396,-0.032228836540037505,-0.039709548410716299,0.027946365850880651,-0.060807654220308149,-0.18260866731682698,-0.030359839929570146,-0.11718308361405597,-0.12987257447620568,-0.18647987233968902,-0.093261468537599271,-0.024072111272074748,-0.085757941854008313,-0.024499773787645136,-0.02406461116803502,-0.056240949225348287,-0.026392727816149011,-0.025560647833423929,-0.049337725948571644,-0.037040444897147078,-0.037231097813739324,-0.025158783333037629,-0.72289036221849556,-0.025785420668328625,-0.025468929874090804,-0.025632792332424614,-0.025284168039707598,-0.10732044044508912,-0.057911744437051819,-0.025515767074955214,-0.35008672849933142,-0.025461294767006523,-0.024283908184944476,-0.39769999218833041,-0.21369584349628465,-0.32295912545694472,-0.076257452555955771,-0.065619223566945564,-0.030580383188307018,-0.19564647194035767,-0.060257827740388681,-0.024379250348623444,-0.18542683454571507,-0.067722770429784251,-0.038612533455724456,-0.17939820912663618,-0.056863247313678249,-0.029223186836821569,-0.040554488767310638,-0.02930088454879598, 0.88872646261157606,-0.02533316979007514,-0.049182486089936132,-0.040531894446849674,-0.12037551601920095,-0.19053772474569158,-0.38573665666495882,-0.034398224267349002,-0.025174218587414161,-0.24080336722838283, -0.1124470112650085,-0.032955568183246374, -0.2900274791146667, -0.2674194309602928,-0.095393488056661632,-0.030794145115417702,-0.037223990945392312,-0.064376575518555718,-0.023380699490685164,-0.030371923853322918,-0.024587549967557274,-0.29390527133586969,-0.54542945901333462,-0.061468065943356354,-0.090441100400979454,-0.084021407217458974,-0.11204029881088892,-0.075428552069061419, 0.84168617664872614,-0.025182327624699186,-0.031744511210903041,-0.029736046745361153,-0.037829384016097138,-0.30478610108591669,  3.8486488200122859,  1.0617006591674338,-0.077894179098053767,-0.55571231421628342,-0.85446068917176354,-0.025490724086275115,-0.068889443840118497,-0.026261446687289431,-0.47931013739276901,  1.5053838152958312,-0.024918618109493272,-0.21088529143023829,-0.04076467177467865,-0.036456584993781273,   0.417755926829118,-0.34381272418403225, -0.0448797313995105,-0.27037980727377792,-0.11685552029499947,-0.024617758817444355,-0.042646648181147773,-0.064153187454439931,-0.027392298714748561,-0.41775219738113456, 0.53811785968849757,-0.032092325831663007,-0.02400344090604135, -0.3334949221480204, -0.1090398046372545, 0.97475865138717099,-0.054965700070269082, 0.06101341270896464,-0.024980587197599127,  1.2744224977373655,  2.3382927795433712,-0.023380699490685105, 0.80573869555957145,-0.08402717175020713,-0.023704109090150437,-0.10797308863863586
A*68,-0.37014549683729758, -1.0241123851456653,-0.21826103038620095, -1.2001488298700005,-0.33387174875293046,-0.74462411637789772,-0.07638340702522578, 0.85687653917907003,-0.34317185489864388,-0.26844173396207222, 0.20037202833083112,-0.26657606607967582, 0.17510067569905555,-0.34361126966573269,  1.2727624287987893, 0.23969847042781806,-0.45299802490842217,  1.9958878472656352,-0.26481448672783708, 0.43408075514851518,-0.59942073206013635, 0.42025714847797185,  1.3512556921881871,-0.21853649997189539,   1.470311036074945,  0.5239824928500183,-0.21847927565243619, 0.11042245958574348,-0.19055114901936415, -0.1291413804809679,-0.38782796824746196,-0.31061466513210889,-0.29954971587957308,-0.22677439896002746,-0.45595280756491718, -0.2314777315860696,-0.22910642646909113,-0.23033542608290669, -0.2277183179123351,-0.20893281147112841,-0.43441396050826864,-0.22945826779122189,-0.13952126974169404,-0.22904926560109309,-0.22015049217715513, 0.45144639997125541,-0.16540276527782605,   1.017940969373885,-0.53272641064073711, 0.52259601809816214,-0.091629671735355453,-0.90510655874632262,-0.26919570893931172,-0.22087571137244957, 0.30398237207131928,-0.29393890238715209,-0.32102749815718934,  1.0223785936697847,  1.2794081147654373,-0.25668798845498969,-0.33360537911055743,-0.25724672028595991,-0.23536675191387976,-0.22808675917863014, 0.42701501828523986,-0.33346041626308565, 0.87617202049865339,-0.92495081849169869, -0.9937270455789845,-0.29290806101295447,-0.22689066145769274, 0.44501134997728664,  1.8102504274947389,-0.28300739561625438,   2.044391320686207,-0.31367391654142812,  1.6705382299282074,-0.26789350739010481,-0.31189019791992056,0.074867220051139591,-0.21323942406195828,-0.26490038603558058, 0.33527845170268394,-0.62478132399673536,  1.4713069217161399, 0.21678285852910517,0.027834109573478465,-0.51005509239060898,  1.6751799395922509, 0.41196553301464045,-0.23421975923095764,-0.22695174638646368, 0.42021469545062473, 0.95350930654065436,-0.21659057676391599, -1.2203862236415128,-0.56972186455419516,-0.57842783000613684,-0.016069672716282998, 0.15596437106022304, -1.1914134676474653,-0.22927049181270229,-0.41117861543303014,-0.23502892367429648,-0.43702532346070289,-0.59005342183606513,-0.22496275833638713,  2.0685009953923204,-0.34455305171007344,-0.30678732474995152, 0.42008759554096603,-0.49859982427426713,-0.36082784241276888,0.015220636830894611,  0.1735570845212441, 0.46292344163060217,-0.34690581143172106,-0.48554553261609262,-0.24338263736399043, 0.50362456622060192,  1.1211263549050403, 0.43527111869875273,-0.21801236170069721,-0.28058571596585569,-0.67256414628810923,-0.43008167418649584,-0.42052766670006902,   2.314245391097705, -0.2254307365023564,-0.26516540085488965,-0.33622631842461992, -0.2132394240619582,-0.47016874623192545, -0.3631710560059484,-0.21572275440043104,-0.10435221362859914
A*69,-0.23263276615203141,-0.13515382633269649,-0.013314351451991795,-0.39402330378489142,-0.022650388961016399, 0.40093150502872232,-0.16282712049235795,0.048077122636054383,-0.023479438640445677,-0.017152181393433594,  0.3240345197412316,-0.017003750516295955,-0.32756108955474117,-0.023518765833801497,-0.022147370143862179,0.014301950837764492,-0.034221855228094629,-0.11230608835886999,-0.016864022051456366, 0.79690167031680492,-0.075174591743079777,-0.11028622561865022,-0.06546976609290478,-0.013334558722736378,-0.048768294438374528,-0.013574010670110558,-0.013330360238682663,-0.031590566281864969,-0.014634920984449481,-0.014168377273564034,-0.027631570343374011,-0.020634859046994185,-0.020742764323400043,-0.013943166237991376,-0.50198455636805728,-0.014294377587937434,-0.014116971609230431,-0.014208814967346802,-0.014013423906317143,-0.061567464648884324,-0.032552093259129396,-0.014143218902136804,-0.21686515200485063,-0.01411269031966177,-0.013453132541874026, -0.6179677935716541,-0.12763522228263416,-0.18100611380087989,-0.043195578976733734,-0.037004733621097533,-0.016988160441006834,  2.1670402234435944,-0.033904514381254962,-0.01350651777405168,-0.10995435454607365,-0.038224769648235103,-0.021525279938817816,-0.10646319786649966,-0.031948554714704702,-0.016224583191103412,-0.022626889259799689,-0.016268272444452579,-0.014586770198754324,-0.01404088473549155, -0.0275427867700829,-0.022614050368992795,-0.069417323522903085,-0.11285411712074481, -0.2423279796260491,-0.019140907110322208,-0.013951814909524917, 0.71107372347596165,-0.064641071109229509,-0.018326602685184466,0.0078870807308444608,-0.16429568375076556,-0.054462057851931506,-0.017108504205429247,-0.020738738117983362,-0.036284909040231558,-0.012947618277583534,-0.016870821426881913,-0.013623167511804436,-0.17067528085695952,-0.36185106061372396,-0.034603175163421693,-0.051530423580891174,-0.047746594492133081,-0.064396824317227847,-0.042711389131546082,-0.01450030858578666,-0.013956358560450599,-0.017643825549788539,-0.016513024653455666,-0.021081540888268902,  1.6302365694353564,-0.12428394551019654,-0.14757446602510746,-0.044152733547193318,-0.38251989783260548,-0.66385094897160957,-0.014129181047395668,-0.038902244420348536,-0.01456129332469241,-0.30903795222445291,-0.052529570071157244,-0.013808610035644729,-0.12579653986278747,-0.023603593175728049,-0.020304442072550322,-0.34920802570145593,-0.21444028825939018,-0.025086848036501522, 0.15321135000053232,-0.067293418460957877,-0.013640086258991232,-0.023815670165953762,-0.038068920264548015,-0.015195896434291048,-0.29736998041494805,-0.39592821500929426,-0.01783983948252971,-0.013296118165116663,  3.8584147540389386,-0.062597017962988874,-0.16645224873178682,-0.030857484562860939,-0.14626601431535655,-0.013843326079456689, 0.26935263577388685,-0.14647425927271537,-0.012947618277583521,-0.036067381837612142,-0.047749989294408567,-0.013128580098302881,-0.061958062031036952
A*74, 0.64608179232871321,-0.21310260999474603,-0.024958081546785874, 0.30415366986450121,-0.042127578087981878,-0.29812783555470762,-0.27580926185615184,-0.54433396826236424,-0.043639651773170016,-0.032047852386406152,-0.41770414660972455,-0.031774487149284644,  2.7777983822117007, 0.71683267727626532,-0.041209059639897606,-0.046909050457589557,-0.063056561501734859,  1.1598078719924454,-0.03151708225684377,-0.12129119052692931,-0.13437282280801358,-0.19262458850643835,-0.11782880147365221,-0.024995530418172908,-0.08885424583921582,-0.025439190803389338,-0.024987749644938252,-0.05833027230358951,-0.027402793604380523,-0.026539690542345052,-0.05118309017280729,-0.038442890822547399,-0.038640503507219391,-0.02612282539630947,-0.20186282064960717,-0.026772848315657703,-0.026444549884318883,-0.026614526922569989,-0.026252891855848299,-0.11111736479808382,-0.060059627402262374,-0.026493135448711808,-0.26587970435251079,-0.026436630066557262,-0.025215252054499718, 0.08292989215423574,-0.21705376044764491,-0.33247753129596991,-0.079035875091310159,-0.029889921713761928,-0.031745773268662104,-0.19554068226210042,-0.062487599792125204,-0.025314160454069409,-0.19208491681912646,-0.070210630813478239,-0.040072217618992385,-0.18639536659799444,-0.058974404058313445,-0.030338379689161962,-0.042084614879174122,-0.030418954765674786,-0.027313738781587261,-0.026303722839841288,-0.051022333299679895,-0.042061204317987599,-0.12458313237546489,-0.19531930570299486,-0.39625812455941795,-0.035704088511437929,-0.026138837036953171,-0.25194342444269985,-0.11640639225733952,-0.034208478259677717,-0.31099511530702395, 0.42084124731365596,-0.09880638803408244,-0.031967429236443537,-0.038633136663042314,-0.066749222168146827,-0.024278225369145718,-0.031529612717993503,-0.025530248742917424,-0.30276632365472256, -0.5618792454513456,-0.063739928596888373,-0.093691998817022115,-0.087060039134607192,-0.11598684743250073,-0.078178958571199775,-0.027153829082806193, -0.0261472488899295,-0.032952848466975042,-0.030870224408867809,-0.039260581949070894, 0.27352554157248637,-0.069741027303502678,  1.4908041815286952,-0.080727773230732755,-0.020371507997082827,-0.37213437268759753,-0.026467158118730769,-0.071417313815692635, 0.87857398367673256,   0.543839657508422,-0.095437569897083727,-0.025873689698395454,-0.21769040168350606,-0.043865927337530919,-0.037837738592739374,-0.43788224194263736,-0.053943551750315247,-0.046565780705399705,-0.35236535020368165,-0.12095337704732752,-0.025561586981431867,-0.044252366217390357,-0.069933036249420197,-0.028439556929457266,-0.46611681858990173, 0.95910562034302616,-0.033313476292151381,-0.024924290030938816,-0.34324449364450754,-0.11289138522831381,-0.28139693786487402,-0.057010215042769416,  2.2280122028853051,-0.025937973875822334, 0.46157115056926651,-0.25037322564342063,-0.024278225369145728,-0.037682465412156675,-0.087065995934809931,-0.024613751336849621,0.032520501275198489
A*80, -0.4060895491597295,-0.090005121189901463,-0.0085159995112836558,-0.28088288403060935,-0.014535533111547941,-0.11962132854432662,-0.10934181785228667,-0.27526244806212918,-0.01507199170841983,-0.010985729925359709, -0.2354856480435788,-0.010890087271272381,-0.22989928275477492,-0.015097436849413176,-0.014210224402501496,-0.016235296442255989,-0.022050637312044905, 0.68719790200693864,-0.01080006230491898,-0.043982911998849065,-0.049115591056938725,-0.072878311915083482,-0.031645804685750213,-0.0085289857254115045,-0.031581513680439592,-0.0086828847425467724,-0.0085262875700076162,-0.020336515024696585,-0.009365049300638412,-0.0090650023370196821,-0.017763279410149324,-0.013232700324759537,-0.013302381780315552,-0.0089201961899168531,  1.0865328605170634,-0.0091460280859113931,-0.0090319479261374569,-0.0090910049560051082,-0.0089653675269754981,-0.040043314791331781,-0.020962511719485464,-0.0090488240721691322,-0.14391819654373503,-0.0090291943904909217,-0.0086051908340843888, -0.3496814110482972,-0.084801595735467222, -0.1127307681366731,-0.027919307300130983,-0.02386681781476576,-0.010880041878576333,-0.11724275553439746,-0.021843730019224256,-0.0086395029493571748,-0.072651412549654557,-0.024664132194637693,-0.013808033984211317,-0.070266851797577107,-0.020569543552880112,-0.010388191304182913,-0.014520361076421929,-0.010416325951427151,-0.0093340787327919842,-0.0089830241461098387,-0.017705636084680124,-0.014512043325472287,-0.045267568180713896,-0.074635661984244039,-0.16739593254174945,-0.012268146962004938,-0.0089257566725333328,-0.098580154910329801,-0.042085771220092182,-0.011742821948217963,-0.12497684975404535,-0.11037593129545693,-0.035337131129376802,-0.010957583438871352,-0.013299779615372072,-0.023396674782942328,-0.0082803488665275926,-0.010804442208079749,-0.0087144814930523572,0.0088586258400463139,  1.7450603840956365,-0.022299280061659207,-0.033401685351273858,-0.030909060688726706,-0.041923341740046777,-0.027601790094691842,-0.009278466444497797,-0.0089286779190808387,-0.011302594007763647,-0.010573958165527742,-0.013521253873900929,-0.12700860753441884,-0.082489217800746223,-0.098648494515400351,-0.028547389257368865,-0.27201297253165313,  2.0284051965882512,-0.0090397969990231308,-0.02510712260323093,-0.0093176917925626278,-0.21729025462930973,-0.034060854185550625,-0.0088336898989083232,-0.083555448851558162,-0.015152359290091398,-0.013019275964851489,-0.24640087468514671,-0.14614910310916293,-0.01611296077884164, 0.16478271467062622,-0.04385149637467075,-0.008725356747633228,-0.015289633699485328,-0.02456220919392527,-0.0097259874470540224,-0.20716006061624181, 0.41898079432935997,-0.011428952338759783,-0.0085042820013523455, -0.1410283295651675,-0.040727027094093156,-0.11189590277843314,-0.019859478280128393,-0.07094820914014309,-0.0088560079615791574, 0.78647741288238016,-0.097880524434578897,-0.0082803488665275753,-0.023254641445772418,-0.030911301828602189,-0.0083966207540514606,-0.040302620401358527
INTERCEPT,  2.9044151063546746,  1.0816235581976521, -1.3577891789554297,   2.410572816060407,-0.81711342002699672,  1.3957040493674144,  1.2955727027018269,   2.503574897554131, -0.7803392897949466, -1.1006660484790982,  2.2321645911516721, -1.1095060677735626,  2.1592928057463769,-0.77862028147740969,-0.84007792072998122,-0.70482413146821954,-0.39285704756792722,  0.8735900235933971, -1.1178977009214441, 0.31953857230377214, 0.43504479638241328,  0.8534213310247829, 0.28711472265759719, -1.3562522968662671,-0.024094664439641311, -1.3382145204764675, -1.3565714421230659,-0.47549388751516786, -1.2618819342163408, -1.2947621892690051,-0.61335281094207572,-0.91232900624461089,-0.90700272388338798, -1.3110118115869971,  2.7606105365298994, -1.2857814591912602, -1.2984491455909171, -1.2918708245733772, -1.3059146639776484, 0.22175756631951474,-0.44454758181494353, -1.2965631311592358,  1.6710110949715176, -1.2987561728643142, -1.3472803747046871,  3.0859118587066416,   1.016867846977181,  1.5391033339018365,-0.15100842271389359,-0.31189220412627966,   -1.11043890101803,  1.3732410102478105,-0.40248971358653085, -1.3432663024260865, 0.85007618316693567,-0.27823537465199505,-0.86918817894040001, 0.81431899128518581,-0.46386758406810119, -1.1571929402466965,-0.81817828427423356, -1.1544599068779957, -1.2652310035690646, -1.3039295176555248,-0.61665932562450954,-0.81875770216832722,   0.349609954786755, 0.87900611899432801,  1.7795098060713657,-0.98897577691475513, -1.3103830521636908,  1.1812017784358255, 0.27354738697909536, -1.0332613676298921,  1.4508259400907124,   1.306019957000625,0.092022523778619539,  -1.103258951202893,-0.90720099648244734,-0.33225057527680751, -1.3860873459581262, -1.1174875326663807, -1.3345503556307372,  1.4157814486157181,  2.2938691139404157,-0.38139440098206057,0.033758653188074493,-0.046288329350307078, 0.26951738439773731,-0.16276655233064818, -1.2712629359621752,  -1.310052771633736, -1.0719135837064904, -1.1392826005766439,-0.89046210318757169,  1.4630152226949484, 0.98690869622392519,  1.1819632114273471,-0.12813561005805835,  2.3696148498323408,   3.202051089004871, -1.2975698651370591,-0.25998822125593846, -1.2670052252516351,  2.0902763788783134,0.053963520530915153, -1.3208441277066827,  1.0008179703063589, -0.7749412782650138,-0.92880067205968408,  2.2451127671665239,  1.6225283487319979,-0.71251343464487638,  2.8601463331980539, 0.31641203657168282, -1.3332922162064262,-0.76578378822739135, -0.2824744538917473, -1.2237246905416397,  2.0324039523712565,  2.4172180947837831, -1.0606674754886984, -1.3591778729923321,  1.5817410100819342, 0.23937088879439591,  1.3212167311751506,-0.49970423926889446,  1.1717491275770358, -1.3182981369237357,  1.9796657599538521,  1.1733798406863489, -1.3860873459581253,-0.33848234869749194,-0.046214032062867484, -1.3720256639091024, 0.22847272931197174
